Ticket ID,Created Date,Created Time,Department,Location,Service,Category,Subcategory,Description,Impact,Urgency,Policy Priority,Assignment Group,SLA Target Hours,Resolution Hours,Status,AI Category,AI Category Confidence,AI Priority,AI Priority Confidence,Knowledge Article ID,Human Approval Required,Automation Eligible,Automation Action,Automation Result,Reopened,User Satisfaction
"INC-00001","2026-06-08","13:06","Project Management","Site B","Endpoint Management","Hardware","Printer","Department printer is offline","Low","Medium","P4","End User Computing","48","17.1","Resolved","Hardware","0.96","P4","0.97","KB-HW-001","No","Yes","ticket assignment","Approved - simulated","No","4"
"INC-00002","2026-01-19","12:06","HR","Head Office","Endpoint Management","Software","Installation","User needs an approved software package installed","Medium","Low","P4","Application Support","48","19.8","Closed","Software","0.86","P4","0.85","KB-SW-003","No","Yes","ticket assignment","Approved - simulated","No","4"
"INC-00003","2026-04-13","12:05","IT","Site A","Service Desk","Security","Phishing","User received a suspicious email requesting credentials","Medium","High","P2","Cybersecurity","8","5.4","Resolved","Security","0.91","P2","0.83","KB-SEC-005","Yes","No","security control change","Human review required","No","4"
"INC-00004","2026-05-19","10:47","IT","Site B","Endpoint Management","Hardware","Laptop","Laptop will not start after reboot","High","High","P1","End User Computing","4","3.9","Closed","Hardware","0.91","P1","0.9","KB-HW-001","Yes","No","ticket assignment","Human review required","Yes","3"
"INC-00005","2026-05-06","08:51","Operations","Head Office","Corporate Network","Network","VPN","VPN connection fails from a remote location","Low","Medium","P4","Network Operations","48","3.9","In Progress","Network","0.86","P4","0.93","KB-NET-002","No","Yes","ticket assignment","Approved - simulated","Yes","4"
"INC-00006","2026-02-05","13:28","Engineering","Regional Office","Service Desk","Hardware","Peripheral","Monitor and keyboard intermittently disconnect","Medium","Low","P4","End User Computing","48","16.2","Closed","Hardware","0.97","P4","0.91","KB-HW-001","No","Yes","ticket assignment","Approved - simulated","No","4"
"INC-00007","2026-06-07","10:11","IT","Regional Office","File Services","Network","DNS","The business application cannot resolve its service name","High","Low","P3","Network Operations","24","10.7","Closed","Network","0.86","P3","0.91","KB-NET-002","No","Yes","ticket assignment","Approved - simulated","No","5"
"INC-00008","2026-01-09","10:09","Procurement","Site B","Corporate Network","Server & Infrastructure","Server Availability","Application server is unavailable","Low","Low","P4","Infrastructure Operations","48","3.4","In Progress","Server & Infrastructure","0.95","P4","0.87","KB-INFRA-006","Yes","No","production change","Human review required","No","4"
"INC-00009","2026-07-27","09:43","Procurement","Remote","File Services","Network","Wi-Fi","Wi-Fi disconnects repeatedly in the office","Medium","Medium","P3","Network Operations","24","12.1","Closed","Network","0.88","P3","0.92","KB-NET-002","No","Yes","ticket assignment","Approved - simulated","No","4"
"INC-00010","2026-09-29","17:49","Finance","Head Office","Active Directory","Software","Application Error","ERP application shows an unexpected error","Low","Medium","P4","Application Support","48","19.6","Closed","Software","0.9","P4","0.95","KB-SW-003","No","Yes","ticket assignment","Approved - simulated","No","3"
"INC-00011","2026-09-29","13:17","Administration","Remote","Active Directory","Server & Infrastructure","Backup","Nightly backup job failed","Medium","Medium","P3","Infrastructure Operations","24","11.5","Closed","Server & Infrastructure","0.97","P3","0.88","KB-INFRA-006","No","Yes","ticket assignment","Approved - simulated","No","4"
"INC-00012","2026-01-16","09:01","Procurement","Head Office","Endpoint Management","Security","Endpoint Protection","Endpoint protection reports malware activity","Low","Medium","P4","Cybersecurity","48","20.5","Resolved","Security","0.91","P4","0.86","KB-SEC-005","Yes","No","security control change","Human review required","No","4"
"INC-00013","2026-06-18","15:10","Project Management","Remote","Active Directory","Software","Application Error","ERP application shows an unexpected error","Low","Low","P4","Application Support","48","23.6","Closed","Software","0.97","P4","0.86","KB-SW-003","No","Yes","ticket assignment","Approved - simulated","No","3"
"INC-00014","2026-05-09","08:45","Administration","Site B","Endpoint Management","Access Management","Password Reset","My password expired and I cannot sign in","Low","Low","P4","Identity & Access","48","25.6","Closed","Access Management","0.82","P4","0.89","KB-ACCESS-004","No","Yes","password reset","Approved - simulated","No","4"
"INC-00015","2026-02-01","10:06","Administration","Remote","Active Directory","Network","DNS","The business application cannot resolve its service name","High","Low","P3","Network Operations","24","1.1","In Progress","Network","0.98","P3","0.96","KB-NET-002","No","Yes","ticket assignment","Approved - simulated","Yes","4"
"INC-00016","2026-05-29","18:17","HR","Regional Office","ERP","Access Management","Permission","Finance users cannot access the shared folder after a permissions change","Low","Medium","P4","Identity & Access","48","21.1","Resolved","Access Management","0.92","P4","0.83","KB-ACCESS-004","Yes","No","privileged access change","Human review required","No","5"
"INC-00017","2026-09-23","11:23","Operations","Remote","ERP","Network","VPN","VPN connection fails from a remote location","Medium","High","P2","Network Operations","8","6.9","Closed","Network","0.88","P2","0.95","KB-NET-002","No","Yes","ticket assignment","Approved - simulated","No","4"
"INC-00018","2026-01-25","17:39","Operations","Site B","Virtual Infrastructure","Email & Collaboration","Mailbox","Outlook is not receiving new messages","High","Medium","P2","Collaboration Services","8","6.5","Closed","Email & Collaboration","0.96","P2","0.89","KB-COLLAB-001","No","Yes","ticket assignment","Approved - simulated","No","4"
"INC-00019","2026-02-03","17:47","Finance","Site B","Virtual Infrastructure","Email & Collaboration","Calendar","A calendar meeting disappeared","High","Medium","P2","Collaboration Services","8","5.7","Closed","Email & Collaboration","0.94","P2","0.83","KB-COLLAB-001","No","Yes","ticket assignment","Approved - simulated","No","4"
"INC-00020","2026-04-21","17:56","Finance","Remote","Endpoint Management","Software","Installation","User needs an approved software package installed","High","High","P1","Application Support","4","3.4","Closed","Software","0.81","P1","0.93","KB-SW-003","Yes","No","ticket assignment","Human review required","No","4"
"INC-00021","2026-02-13","18:35","HR","Site B","Virtual Infrastructure","Access Management","Permission","Finance users cannot access the shared folder after a permissions change","Medium","Medium","P3","Identity & Access","24","18.1","Resolved","Access Management","0.85","P3","0.93","KB-ACCESS-004","Yes","No","privileged access change","Human review required","No","4"
"INC-00022","2026-03-04","15:46","Engineering","Regional Office","Endpoint Management","Server & Infrastructure","Storage","File server storage is nearly full","Medium","Medium","P3","Infrastructure Operations","24","13.5","Closed","Server & Infrastructure","0.95","P3","0.92","KB-INFRA-006","No","Yes","ticket assignment","Approved - simulated","No","4"
"INC-00023","2026-03-14","09:13","Operations","Regional Office","File Services","Server & Infrastructure","Storage","File server storage is nearly full","Medium","Low","P4","Infrastructure Operations","48","18.9","Resolved","Server & Infrastructure","0.83","P4","0.94","KB-INFRA-006","No","Yes","ticket assignment","Approved - simulated","No","5"
"INC-00024","2026-05-24","13:08","Engineering","Site A","Service Desk","Server & Infrastructure","Server Availability","Application server is unavailable","Low","Low","P4","Infrastructure Operations","48","16.6","Closed","Server & Infrastructure","0.98","P4","0.83","KB-INFRA-006","Yes","No","production change","Human review required","No","4"
"INC-00025","2026-02-20","11:52","Administration","Regional Office","Corporate Network","Access Management","Password Reset","My password expired and I cannot sign in","Medium","Medium","P3","Identity & Access","24","16","Resolved","Access Management","0.82","P3","0.9","KB-ACCESS-004","No","Yes","password reset","Approved - simulated","No","4"
"INC-00026","2026-07-18","11:16","Operations","Regional Office","Active Directory","Access Management","Account Lockout","My account is locked after several failed attempts","High","Medium","P2","Identity & Access","8","4.2","Closed","Access Management","0.86","P2","0.97","KB-ACCESS-004","No","Yes","account unlock","Approved - simulated","No","5"
"INC-00027","2026-07-20","09:44","Finance","Site A","Endpoint Management","Email & Collaboration","Teams","Teams calls have no audio","Medium","Low","P4","Collaboration Services","48","1.4","In Progress","Email & Collaboration","0.97","P4","0.89","KB-COLLAB-001","No","Yes","ticket assignment","Approved - simulated","No","4"
"INC-00028","2026-01-05","13:36","Project Management","Head Office","Email & Collaboration","Email & Collaboration","Teams","Teams calls have no audio","Medium","Medium","P3","Collaboration Services","24","17.6","Resolved","Email & Collaboration","0.93","P3","0.93","KB-COLLAB-001","No","Yes","ticket assignment","Approved - simulated","No","4"
"INC-00029","2026-01-10","12:50","Operations","Head Office","ERP","Email & Collaboration","Calendar","A calendar meeting disappeared","Low","Medium","P4","Collaboration Services","48","23.4","Closed","Email & Collaboration","0.95","P4","0.94","KB-COLLAB-001","No","Yes","ticket assignment","Approved - simulated","No","5"
"INC-00030","2026-06-14","10:13","Operations","Head Office","Corporate Network","Access Management","MFA","MFA code is not being accepted","Low","Low","P4","Identity & Access","48","4.2","In Progress","Access Management","0.87","P4","0.87","KB-ACCESS-004","No","Yes","ticket assignment","Approved - simulated","No","5"
"INC-00031","2026-07-27","17:26","Finance","Regional Office","File Services","Email & Collaboration","Mailbox","Outlook is not receiving new messages","Low","High","P3","Collaboration Services","24","16.6","Closed","Email & Collaboration","0.89","P3","0.85","KB-COLLAB-001","No","Yes","ticket assignment","Approved - simulated","No","3"
"INC-00032","2026-09-26","10:07","Engineering","Site B","Service Desk","Network","Wi-Fi","Wi-Fi disconnects repeatedly in the office","Medium","Medium","P3","Network Operations","24","16","Closed","Network","0.84","P3","0.88","KB-NET-002","No","Yes","ticket assignment","Approved - simulated","No","4"
"INC-00033","2026-07-22","17:14","Operations","Site B","Email & Collaboration","Network","DNS","The business application cannot resolve its service name","Low","Low","P4","Network Operations","48","2.6","In Progress","Network","0.85","P4","0.97","KB-NET-002","No","Yes","ticket assignment","Approved - simulated","No","4"
"INC-00034","2026-03-21","13:10","Operations","Remote","Endpoint Management","Hardware","Printer","Department printer is offline","Medium","High","P2","End User Computing","8","1.5","In Progress","Hardware","0.81","P2","0.9","KB-HW-001","No","Yes","ticket assignment","Approved - simulated","No","4"
"INC-00035","2026-09-28","16:53","Engineering","Regional Office","Corporate Network","Hardware","Peripheral","Monitor and keyboard intermittently disconnect","Low","Medium","P4","End User Computing","48","22.8","Resolved","Hardware","0.94","P4","0.91","KB-HW-001","No","Yes","ticket assignment","Approved - simulated","No","3"
"INC-00036","2026-06-01","16:16","Procurement","Regional Office","File Services","Server & Infrastructure","Server Availability","Application server is unavailable","High","Medium","P2","Infrastructure Operations","8","5","In Progress","Server & Infrastructure","0.9","P2","0.93","KB-INFRA-006","Yes","No","production change","Human review required","Yes","3"
"INC-00037","2026-01-31","15:14","Procurement","Site A","ERP","Software","Application Error","ERP application shows an unexpected error","High","Low","P3","Application Support","24","12.1","Closed","Software","0.95","P3","0.84","KB-SW-003","No","Yes","ticket assignment","Approved - simulated","No","5"
"INC-00038","2026-09-30","09:08","Finance","Head Office","Virtual Infrastructure","Network","VPN","VPN connection fails from a remote location","Low","Medium","P4","Network Operations","48","10","Open","Network","0.82","P4","0.82","KB-NET-002","No","Yes","ticket assignment","Approved - simulated","No","4"
"INC-00039","2026-05-15","12:09","Project Management","Head Office","Corporate Network","Server & Infrastructure","Server Availability","Application server is unavailable","Low","Medium","P4","Infrastructure Operations","48","23.8","Resolved","Server & Infrastructure","0.9","P4","0.88","KB-INFRA-006","Yes","No","production change","Human review required","No","5"
"INC-00040","2026-02-01","11:23","IT","Site A","Active Directory","Access Management","Password Reset","My password expired and I cannot sign in","Medium","Medium","P3","Identity & Access","24","10.2","Closed","Access Management","0.9","P3","0.87","KB-ACCESS-004","No","Yes","password reset","Approved - simulated","No","4"
"INC-00041","2026-04-05","12:47","Engineering","Regional Office","Endpoint Management","Access Management","Permission","Finance users cannot access the shared folder after a permissions change","High","Low","P3","Identity & Access","24","14","Resolved","Access Management","0.83","P3","0.83","KB-ACCESS-004","Yes","No","privileged access change","Human review required","No","4"
"INC-00042","2026-06-08","11:46","IT","Remote","Email & Collaboration","Hardware","Peripheral","Monitor and keyboard intermittently disconnect","Medium","Low","P4","End User Computing","48","16.3","Closed","Hardware","0.82","P4","0.94","KB-HW-001","No","Yes","ticket assignment","Approved - simulated","No","5"
"INC-00043","2026-08-21","14:34","Operations","Site A","Active Directory","Hardware","Printer","Department printer is offline","Medium","Medium","P3","End User Computing","24","8.2","In Progress","Hardware","0.92","P3","0.95","KB-HW-001","No","Yes","ticket assignment","Approved - simulated","No","5"
"INC-00044","2026-01-30","08:28","Finance","Head Office","File Services","Hardware","Peripheral","Monitor and keyboard intermittently disconnect","Low","Medium","P4","End User Computing","48","8.2","Open","Hardware","0.9","P4","0.97","KB-HW-001","No","Yes","ticket assignment","Approved - simulated","No","4"
"INC-00045","2026-02-09","15:12","IT","Head Office","Virtual Infrastructure","Security","Endpoint Protection","Endpoint protection reports malware activity","Low","Medium","P4","Cybersecurity","48","19.8","Closed","Security","0.81","P4","0.89","KB-SEC-005","Yes","No","security control change","Human review required","No","4"
"INC-00046","2026-04-18","13:17","HR","Regional Office","ERP","Security","Phishing","User received a suspicious email requesting credentials","Low","Medium","P4","Cybersecurity","48","21.9","Closed","Security","0.88","P4","0.96","KB-SEC-005","Yes","No","security control change","Human review required","No","4"
"INC-00047","2026-01-10","13:48","Finance","Remote","File Services","Access Management","Account Lockout","My account is locked after several failed attempts","Low","Medium","P4","Identity & Access","48","20.1","Closed","Access Management","0.89","P4","0.86","KB-ACCESS-004","No","Yes","account unlock","Approved - simulated","No","4"
"INC-00048","2026-08-15","12:24","Engineering","Head Office","Service Desk","Software","Application Error","ERP application shows an unexpected error","Low","Low","P4","Application Support","48","16.4","Closed","Software","0.91","P4","0.89","KB-SW-003","No","Yes","ticket assignment","Approved - simulated","No","4"
"INC-00049","2026-02-09","08:27","Project Management","Head Office","Email & Collaboration","Access Management","MFA","MFA code is not being accepted","High","Low","P3","Identity & Access","24","13.6","Resolved","Access Management","0.8","P3","0.88","KB-ACCESS-004","No","Yes","ticket assignment","Approved - simulated","No","3"
"INC-00050","2026-04-14","13:40","Administration","Regional Office","ERP","Email & Collaboration","Teams","Teams calls have no audio","High","Medium","P2","Collaboration Services","8","10.1","In Progress","Email & Collaboration","0.86","P2","0.91","KB-COLLAB-001","No","Yes","ticket assignment","Approved - simulated","No","3"
"INC-00051","2026-04-21","15:12","IT","Regional Office","Virtual Infrastructure","Hardware","Printer","Department printer is offline","Low","High","P3","End User Computing","24","4.3","In Progress","Hardware","0.82","P3","0.91","KB-HW-001","No","Yes","ticket assignment","Approved - simulated","No","4"
"INC-00052","2026-06-18","16:11","Administration","Remote","Virtual Infrastructure","Server & Infrastructure","Storage","File server storage is nearly full","Medium","Low","P4","Infrastructure Operations","48","16.6","Closed","Server & Infrastructure","0.94","P4","0.96","KB-INFRA-006","No","Yes","ticket assignment","Approved - simulated","No","4"
"INC-00053","2026-05-13","12:13","Operations","Remote","Corporate Network","Access Management","Permission","Finance users cannot access the shared folder after a permissions change","High","Medium","P2","Identity & Access","8","10","Open","Access Management","0.93","P2","0.88","KB-ACCESS-004","Yes","No","privileged access change","Human review required","No","3"
"INC-00054","2026-05-28","11:51","Procurement","Site A","Active Directory","Security","Phishing","User received a suspicious email requesting credentials","Low","Medium","P4","Cybersecurity","48","9.4","In Progress","Security","0.95","P4","0.88","KB-SEC-005","Yes","No","security control change","Human review required","No","4"
"INC-00055","2026-01-04","15:42","Procurement","Site A","Corporate Network","Email & Collaboration","Calendar","A calendar meeting disappeared","Medium","Medium","P3","Collaboration Services","24","13.9","Closed","Email & Collaboration","0.81","P3","0.91","KB-COLLAB-001","No","Yes","ticket assignment","Approved - simulated","No","4"
"INC-00056","2026-05-28","16:13","Operations","Head Office","ERP","Access Management","Permission","Finance users cannot access the shared folder after a permissions change","Medium","Low","P4","Identity & Access","48","0.7","In Progress","Access Management","0.83","P4","0.95","KB-ACCESS-004","Yes","No","privileged access change","Human review required","Yes","4"
"INC-00057","2026-05-28","16:25","Procurement","Site B","ERP","Hardware","Laptop","Laptop will not start after reboot","Medium","Medium","P3","End User Computing","24","9.9","Resolved","Hardware","0.92","P3","0.93","KB-HW-001","No","Yes","ticket assignment","Approved - simulated","No","4"
"INC-00058","2026-04-28","10:58","Operations","Head Office","Corporate Network","Software","Installation","User needs an approved software package installed","Low","Low","P4","Application Support","48","19.1","Closed","Software","0.84","P4","0.92","KB-SW-003","No","Yes","ticket assignment","Approved - simulated","No","5"
"INC-00059","2026-02-04","18:59","Operations","Regional Office","Service Desk","Software","Installation","User needs an approved software package installed","Medium","Medium","P3","Application Support","24","17","Closed","Software","0.94","P3","0.94","KB-SW-003","No","Yes","ticket assignment","Approved - simulated","No","4"
"INC-00060","2026-09-27","09:13","Procurement","Remote","Active Directory","Hardware","Laptop","Laptop will not start after reboot","Low","Low","P4","End User Computing","48","18.1","Resolved","Hardware","0.92","P4","0.9","KB-HW-001","No","Yes","ticket assignment","Approved - simulated","No","4"
"INC-00061","2026-04-14","18:35","HR","Site B","File Services","Access Management","Permission","Finance users cannot access the shared folder after a permissions change","Medium","Medium","P3","Identity & Access","24","14.5","Closed","Access Management","0.9","P3","0.95","KB-ACCESS-004","Yes","No","privileged access change","Human review required","No","4"
"INC-00062","2026-06-22","10:54","Finance","Head Office","Endpoint Management","Security","Phishing","User received a suspicious email requesting credentials","Medium","Medium","P3","Cybersecurity","24","15.5","Closed","Security","0.94","P3","0.82","KB-SEC-005","Yes","No","security control change","Human review required","No","3"
"INC-00063","2026-09-13","13:39","Project Management","Head Office","Active Directory","Access Management","Password Reset","My password expired and I cannot sign in","Medium","Medium","P3","Identity & Access","24","16.4","Closed","Access Management","0.83","P3","0.92","KB-ACCESS-004","No","Yes","password reset","Approved - simulated","No","5"
"INC-00064","2026-03-11","14:39","HR","Regional Office","Email & Collaboration","Email & Collaboration","Mailbox","Outlook is not receiving new messages","Medium","Medium","P3","Collaboration Services","24","14.7","Resolved","Email & Collaboration","0.89","P3","0.94","KB-COLLAB-001","No","Yes","ticket assignment","Approved - simulated","No","3"
"INC-00065","2026-02-16","18:53","IT","Regional Office","Active Directory","Software","Application Error","ERP application shows an unexpected error","Low","High","P3","Application Support","24","12.8","Closed","Software","0.83","P3","0.94","KB-SW-003","No","Yes","ticket assignment","Approved - simulated","No","4"
"INC-00066","2026-04-25","09:13","Procurement","Head Office","ERP","Network","VPN","VPN connection fails from a remote location","Medium","Low","P4","Network Operations","48","2.3","In Progress","Network","0.98","P4","0.96","KB-NET-002","No","Yes","ticket assignment","Approved - simulated","No","3"
"INC-00067","2026-08-08","17:55","Administration","Head Office","ERP","Email & Collaboration","Teams","Teams calls have no audio","Low","High","P3","Collaboration Services","24","17.9","Resolved","Email & Collaboration","0.8","P3","0.83","KB-COLLAB-001","No","Yes","ticket assignment","Approved - simulated","No","5"
"INC-00068","2026-02-19","09:13","IT","Regional Office","Endpoint Management","Network","VPN","VPN connection fails from a remote location","Medium","Medium","P3","Network Operations","24","14.6","Closed","Network","0.94","P3","0.92","KB-NET-002","No","Yes","ticket assignment","Approved - simulated","No","4"
"INC-00069","2026-03-19","08:50","IT","Remote","Email & Collaboration","Email & Collaboration","Calendar","A calendar meeting disappeared","Medium","Medium","P3","Collaboration Services","24","10","Resolved","Email & Collaboration","0.82","P3","0.87","KB-COLLAB-001","No","Yes","ticket assignment","Approved - simulated","No","5"
"INC-00070","2026-06-14","17:44","Procurement","Regional Office","Active Directory","Network","Wi-Fi","Wi-Fi disconnects repeatedly in the office","Medium","Medium","P3","Network Operations","24","17.7","Resolved","Network","0.92","P3","0.93","KB-NET-002","No","Yes","ticket assignment","Approved - simulated","No","4"
"INC-00071","2026-03-29","13:12","Project Management","Regional Office","Service Desk","Security","Phishing","User received a suspicious email requesting credentials","Medium","Medium","P3","Cybersecurity","24","16.8","Closed","Security","0.97","P3","0.88","KB-SEC-005","Yes","No","security control change","Human review required","No","4"
"INC-00072","2026-03-01","16:42","Procurement","Site B","Corporate Network","Email & Collaboration","Calendar","A calendar meeting disappeared","Low","High","P3","Collaboration Services","24","17.4","Closed","Email & Collaboration","0.93","P3","0.94","KB-COLLAB-001","No","Yes","ticket assignment","Approved - simulated","No","4"
"INC-00073","2026-07-05","13:09","Operations","Site B","Active Directory","Server & Infrastructure","Storage","File server storage is nearly full","High","High","P1","Infrastructure Operations","4","10.8","In Progress","Server & Infrastructure","0.81","P1","0.88","KB-INFRA-006","Yes","No","ticket assignment","Human review required","No","5"
"INC-00074","2026-04-22","11:24","Project Management","Site A","File Services","Email & Collaboration","Teams","Teams calls have no audio","Low","Medium","P4","Collaboration Services","48","24.9","Resolved","Email & Collaboration","0.86","P4","0.91","KB-COLLAB-001","No","Yes","ticket assignment","Approved - simulated","No","5"
"INC-00075","2026-07-17","11:18","HR","Remote","ERP","Software","Installation","User needs an approved software package installed","Medium","Medium","P3","Application Support","24","17.6","Closed","Software","0.97","P3","0.86","KB-SW-003","No","Yes","ticket assignment","Approved - simulated","No","5"
"INC-00076","2026-08-29","12:12","Administration","Site A","ERP","Security","Endpoint Protection","Endpoint protection reports malware activity","Medium","Medium","P3","Cybersecurity","24","10.2","Closed","Security","0.93","P3","0.88","KB-SEC-005","Yes","No","security control change","Human review required","No","4"
"INC-00077","2026-08-21","08:15","Operations","Site A","Corporate Network","Email & Collaboration","Teams","Teams calls have no audio","Low","Low","P4","Collaboration Services","48","21.5","Resolved","Email & Collaboration","0.94","P4","0.91","KB-COLLAB-001","No","Yes","ticket assignment","Approved - simulated","No","3"
"INC-00078","2026-04-28","15:16","Project Management","Site A","Virtual Infrastructure","Software","Application Error","ERP application shows an unexpected error","Medium","Medium","P3","Application Support","24","17","Closed","Software","0.94","P3","0.94","KB-SW-003","No","Yes","ticket assignment","Approved - simulated","No","4"
"INC-00079","2026-09-25","12:23","HR","Regional Office","Service Desk","Access Management","Password Reset","My password expired and I cannot sign in","Medium","Medium","P3","Identity & Access","24","13.6","Closed","Access Management","0.84","P3","0.82","KB-ACCESS-004","No","Yes","password reset","Approved - simulated","No","3"
"INC-00080","2026-03-12","12:35","HR","Remote","Endpoint Management","Server & Infrastructure","Backup","Nightly backup job failed","Low","Low","P4","Infrastructure Operations","48","5.2","In Progress","Server & Infrastructure","0.91","P4","0.83","KB-INFRA-006","No","Yes","ticket assignment","Approved - simulated","No","4"
"INC-00081","2026-06-26","09:53","Operations","Regional Office","File Services","Security","Phishing","User received a suspicious email requesting credentials","Low","Medium","P4","Cybersecurity","48","18.2","Closed","Security","0.84","P4","0.95","KB-SEC-005","Yes","No","security control change","Human review required","No","3"
"INC-00082","2026-03-22","15:12","Finance","Regional Office","Active Directory","Software","Application Error","ERP application shows an unexpected error","High","High","P1","Application Support","4","4.4","Closed","Software","0.84","P1","0.89","KB-SW-003","Yes","No","ticket assignment","Human review required","Yes","3"
"INC-00083","2026-03-24","15:37","Administration","Regional Office","File Services","Server & Infrastructure","Backup","Nightly backup job failed","Medium","Low","P4","Infrastructure Operations","48","26.3","Resolved","Server & Infrastructure","0.8","P4","0.86","KB-INFRA-006","No","Yes","ticket assignment","Approved - simulated","No","5"
"INC-00084","2026-05-26","16:26","IT","Site A","Virtual Infrastructure","Network","DNS","The business application cannot resolve its service name","Medium","Medium","P3","Network Operations","24","13","Resolved","Network","0.95","P3","0.93","KB-NET-002","No","Yes","ticket assignment","Approved - simulated","No","4"
"INC-00085","2026-01-18","10:03","Finance","Site B","Service Desk","Software","Installation","User needs an approved software package installed","Low","Low","P4","Application Support","48","17","Closed","Software","0.88","P4","0.9","KB-SW-003","No","Yes","ticket assignment","Approved - simulated","No","5"
"INC-00086","2026-07-12","11:00","Project Management","Remote","Email & Collaboration","Hardware","Printer","Department printer is offline","Medium","High","P2","End User Computing","8","7","Resolved","Hardware","0.91","P2","0.9","KB-HW-001","No","Yes","ticket assignment","Approved - simulated","No","4"
"INC-00087","2026-04-20","15:57","Finance","Remote","Email & Collaboration","Network","VPN","VPN connection fails from a remote location","Low","Low","P4","Network Operations","48","10.6","In Progress","Network","0.94","P4","0.91","KB-NET-002","No","Yes","ticket assignment","Approved - simulated","No","3"
"INC-00088","2026-08-20","13:06","Project Management","Head Office","File Services","Network","VPN","VPN connection fails from a remote location","Medium","Low","P4","Network Operations","48","4.4","In Progress","Network","0.95","P4","0.88","KB-NET-002","No","Yes","ticket assignment","Approved - simulated","No","4"
"INC-00089","2026-09-03","13:18","Administration","Remote","Endpoint Management","Server & Infrastructure","Backup","Nightly backup job failed","Medium","Medium","P3","Infrastructure Operations","24","11.2","Closed","Server & Infrastructure","0.81","P3","0.84","KB-INFRA-006","No","Yes","ticket assignment","Approved - simulated","No","4"
"INC-00090","2026-07-18","18:19","Administration","Remote","Endpoint Management","Network","DNS","The business application cannot resolve its service name","Medium","Medium","P3","Network Operations","24","10","Closed","Network","0.81","P3","0.92","KB-NET-002","No","Yes","ticket assignment","Approved - simulated","No","4"
"INC-00091","2026-06-26","16:36","HR","Site B","Active Directory","Server & Infrastructure","Storage","File server storage is nearly full","Medium","Low","P4","Infrastructure Operations","48","20.2","Closed","Server & Infrastructure","0.96","P4","0.89","KB-INFRA-006","No","Yes","ticket assignment","Approved - simulated","No","4"
"INC-00092","2026-03-15","17:27","Finance","Site B","File Services","Network","DNS","The business application cannot resolve its service name","Medium","Medium","P3","Network Operations","24","7.8","In Progress","Network","0.82","P3","0.84","KB-NET-002","No","Yes","ticket assignment","Approved - simulated","No","5"
"INC-00093","2026-02-20","12:49","Administration","Regional Office","File Services","Access Management","Permission","Finance users cannot access the shared folder after a permissions change","Low","Low","P4","Identity & Access","48","26.7","Closed","Access Management","0.82","P4","0.91","KB-ACCESS-004","Yes","No","privileged access change","Human review required","No","4"
"INC-00094","2026-09-15","08:37","Engineering","Site A","Active Directory","Security","Endpoint Protection","Endpoint protection reports malware activity","Medium","High","P2","Cybersecurity","8","6.5","Closed","Security","0.95","P2","0.89","KB-SEC-005","Yes","No","security control change","Human review required","No","4"
"INC-00095","2026-05-16","13:56","Procurement","Site A","Active Directory","Access Management","Account Lockout","My account is locked after several failed attempts","High","Low","P3","Identity & Access","24","17.2","Closed","Access Management","0.84","P3","0.95","KB-ACCESS-004","No","Yes","account unlock","Approved - simulated","Yes","5"
"INC-00096","2026-02-23","11:02","Finance","Site A","Email & Collaboration","Hardware","Peripheral","Monitor and keyboard intermittently disconnect","Low","Medium","P4","End User Computing","48","3","In Progress","Hardware","0.9","P4","0.91","KB-HW-001","No","Yes","ticket assignment","Approved - simulated","No","4"
"INC-00097","2026-01-20","09:45","Operations","Head Office","Email & Collaboration","Hardware","Printer","Department printer is offline","Medium","High","P2","End User Computing","8","6.4","In Progress","Hardware","0.88","P2","0.94","KB-HW-001","No","Yes","ticket assignment","Approved - simulated","No","4"
"INC-00098","2026-03-18","14:27","Finance","Site A","Active Directory","Network","DNS","The business application cannot resolve its service name","Medium","Medium","P3","Network Operations","24","17.8","Closed","Network","0.95","P3","0.88","KB-NET-002","No","Yes","ticket assignment","Approved - simulated","No","4"
"INC-00099","2026-08-12","13:04","Project Management","Remote","Corporate Network","Access Management","Account Lockout","My account is locked after several failed attempts","High","Low","P3","Identity & Access","24","14.8","Closed","Access Management","0.95","P3","0.93","KB-ACCESS-004","No","Yes","account unlock","Approved - simulated","No","5"
"INC-00100","2026-02-04","09:12","Operations","Regional Office","Service Desk","Server & Infrastructure","Backup","Nightly backup job failed","Medium","High","P2","Infrastructure Operations","8","4.9","Closed","Server & Infrastructure","0.81","P2","0.87","KB-INFRA-006","No","Yes","ticket assignment","Approved - simulated","No","5"
"INC-00101","2026-05-11","09:43","IT","Regional Office","Active Directory","Email & Collaboration","Calendar","A calendar meeting disappeared","High","Low","P3","Collaboration Services","24","11.2","Resolved","Email & Collaboration","0.86","P3","0.82","KB-COLLAB-001","No","Yes","ticket assignment","Approved - simulated","No","4"
"INC-00102","2026-06-11","13:04","Operations","Site A","Email & Collaboration","Access Management","Permission","Finance users cannot access the shared folder after a permissions change","Low","Medium","P4","Identity & Access","48","26.8","Closed","Access Management","0.89","P4","0.88","KB-ACCESS-004","Yes","No","privileged access change","Human review required","No","4"
"INC-00103","2026-03-17","18:00","HR","Remote","Endpoint Management","Network","Wi-Fi","Wi-Fi disconnects repeatedly in the office","Medium","Medium","P3","Network Operations","24","15.5","Resolved","Network","0.96","P3","0.85","KB-NET-002","No","Yes","ticket assignment","Approved - simulated","No","4"
"INC-00104","2026-09-26","09:47","Procurement","Site A","Corporate Network","Network","VPN","VPN connection fails from a remote location","High","Low","P3","Network Operations","24","8.3","Open","Network","0.89","P3","0.86","KB-NET-002","No","Yes","ticket assignment","Approved - simulated","No","4"
"INC-00105","2026-08-20","14:39","Project Management","Site A","ERP","Hardware","Printer","Department printer is offline","Medium","Medium","P3","End User Computing","24","5.3","In Progress","Hardware","0.86","P3","0.84","KB-HW-001","No","Yes","ticket assignment","Approved - simulated","No","5"
"INC-00106","2026-08-30","08:10","Finance","Head Office","ERP","Server & Infrastructure","Server Availability","Application server is unavailable","Medium","Medium","P3","Infrastructure Operations","24","17.7","Resolved","Server & Infrastructure","0.93","P3","0.93","KB-INFRA-006","Yes","No","production change","Human review required","No","4"
"INC-00107","2026-04-22","11:35","HR","Site B","Virtual Infrastructure","Server & Infrastructure","Storage","File server storage is nearly full","High","High","P1","Infrastructure Operations","4","8.1","In Progress","Server & Infrastructure","0.92","P1","0.83","KB-INFRA-006","Yes","No","ticket assignment","Human review required","No","5"
"INC-00108","2026-02-02","09:26","Engineering","Site A","Active Directory","Security","Endpoint Protection","Endpoint protection reports malware activity","Medium","Medium","P3","Cybersecurity","24","13.7","Closed","Security","0.98","P3","0.89","KB-SEC-005","Yes","No","security control change","Human review required","No","4"
"INC-00109","2026-08-28","08:16","IT","Site A","Corporate Network","Network","VPN","VPN connection fails from a remote location","High","Low","P3","Network Operations","24","4.5","In Progress","Network","0.87","P3","0.84","KB-NET-002","No","Yes","ticket assignment","Approved - simulated","No","4"
"INC-00110","2026-06-29","12:04","IT","Site B","Email & Collaboration","Hardware","Laptop","Laptop will not start after reboot","Low","High","P3","End User Computing","24","8.8","Open","Hardware","0.85","P3","0.91","KB-HW-001","No","Yes","ticket assignment","Approved - simulated","No","3"
"INC-00111","2026-02-08","15:45","Administration","Site B","Email & Collaboration","Email & Collaboration","Calendar","A calendar meeting disappeared","Low","Low","P4","Collaboration Services","48","11.5","In Progress","Email & Collaboration","0.83","P4","0.83","KB-COLLAB-001","No","Yes","ticket assignment","Approved - simulated","No","4"
"INC-00112","2026-05-14","15:17","Procurement","Remote","ERP","Access Management","MFA","MFA code is not being accepted","High","Medium","P2","Identity & Access","8","4.5","Closed","Access Management","0.86","P2","0.94","KB-ACCESS-004","No","Yes","ticket assignment","Approved - simulated","No","3"
"INC-00113","2026-06-11","13:22","Finance","Regional Office","Endpoint Management","Email & Collaboration","Mailbox","Outlook is not receiving new messages","High","Low","P3","Collaboration Services","24","11.7","Closed","Email & Collaboration","0.85","P3","0.88","KB-COLLAB-001","No","Yes","ticket assignment","Approved - simulated","No","4"
"INC-00114","2026-09-24","10:14","Finance","Regional Office","Active Directory","Security","Endpoint Protection","Endpoint protection reports malware activity","Low","Medium","P4","Cybersecurity","48","18","Resolved","Security","0.89","P4","0.85","KB-SEC-005","Yes","No","security control change","Human review required","No","4"
"INC-00115","2026-07-11","14:47","IT","Site A","Corporate Network","Network","Wi-Fi","Wi-Fi disconnects repeatedly in the office","Low","Low","P4","Network Operations","48","27.8","Closed","Network","0.8","P4","0.86","KB-NET-002","No","Yes","ticket assignment","Approved - simulated","Yes","3"
"INC-00116","2026-08-10","13:39","Administration","Site B","Endpoint Management","Access Management","Permission","Finance users cannot access the shared folder after a permissions change","Medium","Low","P4","Identity & Access","48","16","Closed","Access Management","0.92","P4","0.84","KB-ACCESS-004","Yes","No","privileged access change","Human review required","No","3"
"INC-00117","2026-01-17","18:46","Operations","Remote","Service Desk","Software","Installation","User needs an approved software package installed","Low","High","P3","Application Support","24","13.7","Closed","Software","0.95","P3","0.88","KB-SW-003","No","Yes","ticket assignment","Approved - simulated","No","3"
"INC-00118","2026-10-01","17:28","Engineering","Remote","Endpoint Management","Server & Infrastructure","Server Availability","Application server is unavailable","Low","Low","P4","Infrastructure Operations","48","28.3","Closed","Server & Infrastructure","0.9","P4","0.88","KB-INFRA-006","Yes","No","production change","Human review required","No","4"
"INC-00119","2026-07-25","15:48","Procurement","Regional Office","Active Directory","Security","Phishing","User received a suspicious email requesting credentials","Low","Low","P4","Cybersecurity","48","23.7","Closed","Security","0.94","P4","0.91","KB-SEC-005","Yes","No","security control change","Human review required","No","5"
"INC-00120","2026-04-08","08:44","Procurement","Site B","Service Desk","Software","Application Error","ERP application shows an unexpected error","Medium","High","P2","Application Support","8","7.6","Closed","Software","0.87","P2","0.95","KB-SW-003","No","Yes","ticket assignment","Approved - simulated","No","4"
"INC-00121","2026-02-27","16:54","HR","Regional Office","Corporate Network","Access Management","Permission","Finance users cannot access the shared folder after a permissions change","Low","Medium","P4","Identity & Access","48","17.4","Closed","Access Management","0.87","P4","0.93","KB-ACCESS-004","Yes","No","privileged access change","Human review required","No","4"
"INC-00122","2026-06-29","15:22","Finance","Regional Office","Email & Collaboration","Access Management","Password Reset","My password expired and I cannot sign in","Low","Low","P4","Identity & Access","48","23","Closed","Access Management","0.84","P4","0.97","KB-ACCESS-004","No","Yes","password reset","Approved - simulated","No","3"
"INC-00123","2026-01-11","17:23","Finance","Site A","ERP","Access Management","Password Reset","My password expired and I cannot sign in","Medium","Medium","P3","Identity & Access","24","12.4","Resolved","Access Management","0.86","P3","0.92","KB-ACCESS-004","No","Yes","password reset","Approved - simulated","No","3"
"INC-00124","2026-05-12","08:06","HR","Site B","Virtual Infrastructure","Access Management","Permission","Finance users cannot access the shared folder after a permissions change","Low","Medium","P4","Identity & Access","48","16.7","Closed","Access Management","0.96","P4","0.88","KB-ACCESS-004","Yes","No","privileged access change","Human review required","No","4"
"INC-00125","2026-08-07","11:43","Finance","Site B","Corporate Network","Server & Infrastructure","Backup","Nightly backup job failed","Low","High","P3","Infrastructure Operations","24","13.4","Closed","Server & Infrastructure","0.84","P3","0.94","KB-INFRA-006","No","Yes","ticket assignment","Approved - simulated","No","4"
"INC-00126","2026-07-18","18:38","Procurement","Remote","Corporate Network","Network","Wi-Fi","Wi-Fi disconnects repeatedly in the office","Medium","Medium","P3","Network Operations","24","11.4","Closed","Network","0.96","P3","0.9","KB-NET-002","No","Yes","ticket assignment","Approved - simulated","No","4"
"INC-00127","2026-01-23","16:16","Engineering","Remote","Service Desk","Software","Application Error","ERP application shows an unexpected error","Medium","Medium","P3","Application Support","24","10.8","Resolved","Software","0.92","P3","0.86","KB-SW-003","No","Yes","ticket assignment","Approved - simulated","Yes","4"
"INC-00128","2026-06-16","11:20","Project Management","Regional Office","Service Desk","Access Management","MFA","MFA code is not being accepted","Medium","Low","P4","Identity & Access","48","27.5","Closed","Access Management","0.97","P4","0.89","KB-ACCESS-004","No","Yes","ticket assignment","Approved - simulated","No","4"
"INC-00129","2026-07-16","12:01","Finance","Site A","Email & Collaboration","Network","VPN","VPN connection fails from a remote location","Low","Medium","P4","Network Operations","48","17.8","Closed","Network","0.91","P4","0.86","KB-NET-002","No","Yes","ticket assignment","Approved - simulated","No","4"
"INC-00130","2026-07-05","10:38","Engineering","Head Office","Corporate Network","Email & Collaboration","Calendar","A calendar meeting disappeared","High","Low","P3","Collaboration Services","24","15.8","Closed","Email & Collaboration","0.89","P3","0.96","KB-COLLAB-001","No","Yes","ticket assignment","Approved - simulated","No","4"
"INC-00131","2026-05-28","10:05","Finance","Head Office","ERP","Hardware","Laptop","Laptop will not start after reboot","Medium","Medium","P3","End User Computing","24","16.9","Closed","Hardware","0.86","P3","0.96","KB-HW-001","No","Yes","ticket assignment","Approved - simulated","No","5"
"INC-00132","2026-01-30","11:24","Engineering","Site B","Corporate Network","Software","Installation","User needs an approved software package installed","Low","High","P3","Application Support","24","16.1","Resolved","Software","0.97","P3","0.86","KB-SW-003","No","Yes","ticket assignment","Approved - simulated","No","4"
"INC-00133","2026-06-25","12:30","Procurement","Remote","Virtual Infrastructure","Security","Phishing","User received a suspicious email requesting credentials","Medium","Medium","P3","Cybersecurity","24","12.4","Closed","Security","0.96","P3","0.89","KB-SEC-005","Yes","No","security control change","Human review required","No","4"
"INC-00134","2026-06-19","14:14","Finance","Site B","Email & Collaboration","Server & Infrastructure","Server Availability","Application server is unavailable","High","Medium","P2","Infrastructure Operations","8","8.2","Open","Server & Infrastructure","0.84","P2","0.83","KB-INFRA-006","Yes","No","production change","Human review required","No","4"
"INC-00135","2026-03-09","13:42","Engineering","Head Office","Email & Collaboration","Hardware","Laptop","Laptop will not start after reboot","Low","High","P3","End User Computing","24","6.5","Open","Hardware","0.97","P3","0.92","KB-HW-001","No","Yes","ticket assignment","Approved - simulated","No","5"
"INC-00136","2026-09-10","10:23","Project Management","Site A","ERP","Access Management","MFA","MFA code is not being accepted","High","Low","P3","Identity & Access","24","10.8","Resolved","Access Management","0.8","P3","0.87","KB-ACCESS-004","No","Yes","ticket assignment","Approved - simulated","No","4"
"INC-00137","2026-09-11","08:24","Engineering","Regional Office","Endpoint Management","Access Management","Permission","Finance users cannot access the shared folder after a permissions change","Low","Medium","P4","Identity & Access","48","22.9","Closed","Access Management","0.92","P4","0.85","KB-ACCESS-004","Yes","No","privileged access change","Human review required","No","3"
"INC-00138","2026-07-22","09:39","IT","Site A","Virtual Infrastructure","Network","VPN","VPN connection fails from a remote location","Medium","Medium","P3","Network Operations","24","16.2","Closed","Network","0.9","P3","0.87","KB-NET-002","No","Yes","ticket assignment","Approved - simulated","No","5"
"INC-00139","2026-02-04","16:41","Operations","Remote","Endpoint Management","Server & Infrastructure","Server Availability","Application server is unavailable","Medium","Low","P4","Infrastructure Operations","48","21","Resolved","Server & Infrastructure","0.96","P4","0.83","KB-INFRA-006","Yes","No","production change","Human review required","No","4"
"INC-00140","2026-03-20","11:48","Operations","Head Office","Endpoint Management","Access Management","MFA","MFA code is not being accepted","Low","Low","P4","Identity & Access","48","27.7","Closed","Access Management","0.83","P4","0.91","KB-ACCESS-004","No","Yes","ticket assignment","Approved - simulated","No","3"
"INC-00141","2026-03-17","14:46","Operations","Site A","Endpoint Management","Access Management","Account Lockout","My account is locked after several failed attempts","High","Medium","P2","Identity & Access","8","4.8","Resolved","Access Management","0.81","P2","0.96","KB-ACCESS-004","No","Yes","account unlock","Approved - simulated","No","4"
"INC-00142","2026-09-17","10:29","Engineering","Site A","Endpoint Management","Access Management","Permission","Finance users cannot access the shared folder after a permissions change","Low","Medium","P4","Identity & Access","48","21","Closed","Access Management","0.9","P4","0.87","KB-ACCESS-004","Yes","No","privileged access change","Human review required","No","4"
"INC-00143","2026-02-19","16:01","HR","Site B","File Services","Hardware","Laptop","Laptop will not start after reboot","Medium","Medium","P3","End User Computing","24","10.2","Closed","Hardware","0.86","P3","0.88","KB-HW-001","No","Yes","ticket assignment","Approved - simulated","No","5"
"INC-00144","2026-07-09","10:36","HR","Site A","ERP","Network","VPN","VPN connection fails from a remote location","Medium","Medium","P3","Network Operations","24","11.2","In Progress","Network","0.86","P3","0.83","KB-NET-002","No","Yes","ticket assignment","Approved - simulated","No","4"
"INC-00145","2026-07-09","13:34","HR","Regional Office","Corporate Network","Server & Infrastructure","Server Availability","Application server is unavailable","Low","High","P3","Infrastructure Operations","24","10.2","Closed","Server & Infrastructure","0.87","P3","0.93","KB-INFRA-006","Yes","No","production change","Human review required","No","4"
"INC-00146","2026-02-04","13:56","Administration","Regional Office","Email & Collaboration","Server & Infrastructure","Server Availability","Application server is unavailable","Low","Low","P4","Infrastructure Operations","48","23.3","Closed","Server & Infrastructure","0.9","P4","0.82","KB-INFRA-006","Yes","No","production change","Human review required","No","4"
"INC-00147","2026-01-07","13:13","Operations","Regional Office","File Services","Server & Infrastructure","Storage","File server storage is nearly full","High","Medium","P2","Infrastructure Operations","8","5.2","Closed","Server & Infrastructure","0.95","P2","0.9","KB-INFRA-006","No","Yes","ticket assignment","Approved - simulated","No","4"
"INC-00148","2026-06-20","09:51","Administration","Site B","Corporate Network","Server & Infrastructure","Storage","File server storage is nearly full","Low","High","P3","Infrastructure Operations","24","10.6","Resolved","Server & Infrastructure","0.95","P3","0.95","KB-INFRA-006","No","Yes","ticket assignment","Approved - simulated","No","4"
"INC-00149","2026-04-14","15:20","Procurement","Head Office","Service Desk","Email & Collaboration","Teams","Teams calls have no audio","Medium","Low","P4","Collaboration Services","48","16.4","Closed","Email & Collaboration","0.92","P4","0.82","KB-COLLAB-001","No","Yes","ticket assignment","Approved - simulated","No","4"
"INC-00150","2026-07-30","13:14","Project Management","Regional Office","Endpoint Management","Hardware","Laptop","Laptop will not start after reboot","High","Low","P3","End User Computing","24","6.8","Open","Hardware","0.9","P3","0.96","KB-HW-001","No","Yes","ticket assignment","Approved - simulated","Yes","4"
"INC-00151","2026-06-10","09:54","Procurement","Site A","Virtual Infrastructure","Software","Installation","User needs an approved software package installed","Medium","Medium","P3","Application Support","24","3.2","In Progress","Software","0.81","P3","0.96","KB-SW-003","No","Yes","ticket assignment","Approved - simulated","No","3"
"INC-00152","2026-09-08","15:46","Project Management","Site A","Virtual Infrastructure","Network","Wi-Fi","Wi-Fi disconnects repeatedly in the office","Medium","Medium","P3","Network Operations","24","8.5","In Progress","Network","0.85","P3","0.84","KB-NET-002","No","Yes","ticket assignment","Approved - simulated","No","5"
"INC-00153","2026-08-30","16:02","IT","Site A","Active Directory","Hardware","Laptop","Laptop will not start after reboot","High","Medium","P2","End User Computing","8","5.6","Closed","Hardware","0.84","P2","0.92","KB-HW-001","No","Yes","ticket assignment","Approved - simulated","No","4"
"INC-00154","2026-07-28","16:55","Administration","Head Office","Corporate Network","Network","VPN","VPN connection fails from a remote location","Low","Medium","P4","Network Operations","48","11.2","In Progress","Network","0.94","P4","0.96","KB-NET-002","No","Yes","ticket assignment","Approved - simulated","No","5"
"INC-00155","2026-08-13","18:26","Procurement","Site A","Endpoint Management","Network","VPN","VPN connection fails from a remote location","Low","Medium","P4","Network Operations","48","10.3","In Progress","Network","0.85","P4","0.96","KB-NET-002","No","Yes","ticket assignment","Approved - simulated","No","4"
"INC-00156","2026-02-26","09:09","Procurement","Remote","Virtual Infrastructure","Email & Collaboration","Teams","Teams calls have no audio","Medium","Medium","P3","Collaboration Services","24","12.3","Closed","Email & Collaboration","0.81","P3","0.87","KB-COLLAB-001","No","Yes","ticket assignment","Approved - simulated","No","4"
"INC-00157","2026-01-26","15:21","Administration","Site B","ERP","Access Management","Password Reset","My password expired and I cannot sign in","Low","High","P3","Identity & Access","24","12.1","Resolved","Access Management","0.9","P3","0.86","KB-ACCESS-004","No","Yes","password reset","Approved - simulated","No","4"
"INC-00158","2026-06-30","09:52","Engineering","Regional Office","File Services","Server & Infrastructure","Storage","File server storage is nearly full","Medium","Medium","P3","Infrastructure Operations","24","17.1","Resolved","Server & Infrastructure","0.83","P3","0.84","KB-INFRA-006","No","Yes","ticket assignment","Approved - simulated","No","4"
"INC-00159","2026-01-12","16:25","Finance","Remote","Email & Collaboration","Software","Installation","User needs an approved software package installed","Medium","Medium","P3","Application Support","24","5.2","In Progress","Software","0.85","P3","0.92","KB-SW-003","No","Yes","ticket assignment","Approved - simulated","No","5"
"INC-00160","2026-09-27","18:48","Operations","Regional Office","Service Desk","Security","Phishing","User received a suspicious email requesting credentials","Medium","Low","P4","Cybersecurity","48","3.4","In Progress","Security","0.94","P4","0.91","KB-SEC-005","Yes","No","security control change","Human review required","No","4"
"INC-00161","2026-08-21","12:42","HR","Remote","File Services","Access Management","Account Lockout","My account is locked after several failed attempts","Medium","Medium","P3","Identity & Access","24","2.2","In Progress","Access Management","0.89","P3","0.84","KB-ACCESS-004","No","Yes","account unlock","Approved - simulated","No","3"
"INC-00162","2026-04-26","08:39","Operations","Remote","Active Directory","Security","Endpoint Protection","Endpoint protection reports malware activity","Medium","High","P2","Cybersecurity","8","5.7","Closed","Security","0.89","P2","0.92","KB-SEC-005","Yes","No","security control change","Human review required","No","4"
"INC-00163","2026-02-03","16:36","IT","Regional Office","Virtual Infrastructure","Software","Installation","User needs an approved software package installed","Medium","Medium","P3","Application Support","24","5.1","Open","Software","0.87","P3","0.95","KB-SW-003","No","Yes","ticket assignment","Approved - simulated","No","5"
"INC-00164","2026-10-07","10:03","Operations","Site A","File Services","Security","Phishing","User received a suspicious email requesting credentials","Low","Low","P4","Cybersecurity","48","27.8","Closed","Security","0.91","P4","0.91","KB-SEC-005","Yes","No","security control change","Human review required","No","4"
"INC-00165","2026-05-13","14:42","Project Management","Site A","Active Directory","Server & Infrastructure","Storage","File server storage is nearly full","Medium","Medium","P3","Infrastructure Operations","24","10.1","Closed","Server & Infrastructure","0.81","P3","0.88","KB-INFRA-006","No","Yes","ticket assignment","Approved - simulated","No","4"
"INC-00166","2026-10-04","17:48","Administration","Site A","Active Directory","Security","Endpoint Protection","Endpoint protection reports malware activity","Medium","Low","P4","Cybersecurity","48","20.6","Resolved","Security","0.95","P4","0.83","KB-SEC-005","Yes","No","security control change","Human review required","No","4"
"INC-00167","2026-05-05","12:18","Engineering","Head Office","Service Desk","Server & Infrastructure","Backup","Nightly backup job failed","High","Medium","P2","Infrastructure Operations","8","6.2","Closed","Server & Infrastructure","0.82","P2","0.85","KB-INFRA-006","No","Yes","ticket assignment","Approved - simulated","No","4"
"INC-00168","2026-09-28","18:45","IT","Site B","ERP","Software","Application Error","ERP application shows an unexpected error","Medium","Medium","P3","Application Support","24","12.6","Resolved","Software","0.95","P3","0.86","KB-SW-003","No","Yes","ticket assignment","Approved - simulated","No","4"
"INC-00169","2026-01-16","11:22","Project Management","Head Office","Email & Collaboration","Hardware","Peripheral","Monitor and keyboard intermittently disconnect","Medium","Low","P4","End User Computing","48","24.4","Closed","Hardware","0.97","P4","0.84","KB-HW-001","No","Yes","ticket assignment","Approved - simulated","No","3"
"INC-00170","2026-05-21","13:11","Administration","Remote","Service Desk","Email & Collaboration","Teams","Teams calls have no audio","Low","High","P3","Collaboration Services","24","13.5","Closed","Email & Collaboration","0.96","P3","0.82","KB-COLLAB-001","No","Yes","ticket assignment","Approved - simulated","Yes","4"
"INC-00171","2026-01-08","18:28","Project Management","Site A","Endpoint Management","Access Management","Account Lockout","My account is locked after several failed attempts","Medium","Medium","P3","Identity & Access","24","6.4","Open","Access Management","0.94","P3","0.94","KB-ACCESS-004","No","Yes","account unlock","Approved - simulated","No","4"
"INC-00172","2026-07-23","11:52","Operations","Site B","ERP","Access Management","Password Reset","My password expired and I cannot sign in","High","Low","P3","Identity & Access","24","10.6","Closed","Access Management","0.91","P3","0.92","KB-ACCESS-004","No","Yes","password reset","Approved - simulated","No","4"
"INC-00173","2026-09-14","12:56","Finance","Head Office","Virtual Infrastructure","Email & Collaboration","Mailbox","Outlook is not receiving new messages","Medium","Low","P4","Collaboration Services","48","25.7","Closed","Email & Collaboration","0.96","P4","0.92","KB-COLLAB-001","No","Yes","ticket assignment","Approved - simulated","No","5"
"INC-00174","2026-03-03","16:21","Project Management","Site A","Service Desk","Access Management","Account Lockout","My account is locked after several failed attempts","High","High","P1","Identity & Access","4","10","Open","Access Management","0.89","P1","0.85","KB-ACCESS-004","Yes","No","account unlock","Human review required","No","4"
"INC-00175","2026-01-17","10:36","Project Management","Head Office","Active Directory","Email & Collaboration","Mailbox","Outlook is not receiving new messages","Low","High","P3","Collaboration Services","24","11.4","Closed","Email & Collaboration","0.94","P3","0.94","KB-COLLAB-001","No","Yes","ticket assignment","Approved - simulated","No","3"
"INC-00176","2026-06-23","08:15","Operations","Regional Office","Service Desk","Network","DNS","The business application cannot resolve its service name","Medium","Medium","P3","Network Operations","24","13.5","Resolved","Network","0.86","P3","0.86","KB-NET-002","No","Yes","ticket assignment","Approved - simulated","No","5"
"INC-00177","2026-04-14","15:44","Finance","Site A","ERP","Security","Endpoint Protection","Endpoint protection reports malware activity","High","Low","P3","Cybersecurity","24","2.6","In Progress","Security","0.89","P3","0.97","KB-SEC-005","Yes","No","security control change","Human review required","No","4"
"INC-00178","2026-02-03","16:04","Project Management","Site A","Endpoint Management","Server & Infrastructure","Backup","Nightly backup job failed","Medium","High","P2","Infrastructure Operations","8","5.1","In Progress","Server & Infrastructure","0.94","P2","0.92","KB-INFRA-006","No","Yes","ticket assignment","Approved - simulated","No","5"
"INC-00179","2026-06-26","14:14","Engineering","Site B","Service Desk","Software","Installation","User needs an approved software package installed","Medium","High","P2","Application Support","8","7","Resolved","Software","0.95","P2","0.96","KB-SW-003","No","Yes","ticket assignment","Approved - simulated","No","5"
"INC-00180","2026-08-11","10:03","Procurement","Site A","Active Directory","Security","Phishing","User received a suspicious email requesting credentials","Medium","Medium","P3","Cybersecurity","24","11","Closed","Security","0.95","P3","0.92","KB-SEC-005","Yes","No","security control change","Human review required","No","4"
"INC-00181","2026-01-29","17:58","Procurement","Remote","Virtual Infrastructure","Email & Collaboration","Calendar","A calendar meeting disappeared","Low","High","P3","Collaboration Services","24","11.5","Resolved","Email & Collaboration","0.97","P3","0.86","KB-COLLAB-001","No","Yes","ticket assignment","Approved - simulated","No","5"
"INC-00182","2026-01-16","18:29","Administration","Remote","Active Directory","Server & Infrastructure","Storage","File server storage is nearly full","Medium","Medium","P3","Infrastructure Operations","24","16.2","Closed","Server & Infrastructure","0.97","P3","0.92","KB-INFRA-006","No","Yes","ticket assignment","Approved - simulated","No","4"
"INC-00183","2026-08-17","11:08","Administration","Site B","ERP","Hardware","Laptop","Laptop will not start after reboot","Medium","Medium","P3","End User Computing","24","17.8","Closed","Hardware","0.85","P3","0.95","KB-HW-001","No","Yes","ticket assignment","Approved - simulated","No","4"
"INC-00184","2026-03-19","14:15","IT","Site B","Endpoint Management","Email & Collaboration","Mailbox","Outlook is not receiving new messages","Low","Low","P4","Collaboration Services","48","26.7","Closed","Email & Collaboration","0.84","P4","0.85","KB-COLLAB-001","No","Yes","ticket assignment","Approved - simulated","Yes","4"
"INC-00185","2026-07-16","18:01","HR","Remote","Service Desk","Server & Infrastructure","Backup","Nightly backup job failed","Medium","Low","P4","Infrastructure Operations","48","16","Closed","Server & Infrastructure","0.97","P4","0.88","KB-INFRA-006","No","Yes","ticket assignment","Approved - simulated","No","4"
"INC-00186","2026-05-15","17:41","IT","Regional Office","File Services","Hardware","Printer","Department printer is offline","Low","Medium","P4","End User Computing","48","17.7","Closed","Hardware","0.95","P4","0.86","KB-HW-001","No","Yes","ticket assignment","Approved - simulated","No","3"
"INC-00187","2026-03-10","14:56","Procurement","Site A","Endpoint Management","Access Management","Password Reset","My password expired and I cannot sign in","Medium","Medium","P3","Identity & Access","24","16.5","Closed","Access Management","0.95","P3","0.92","KB-ACCESS-004","No","Yes","password reset","Approved - simulated","No","4"
"INC-00188","2026-07-11","10:50","HR","Regional Office","Service Desk","Network","DNS","The business application cannot resolve its service name","Medium","Low","P4","Network Operations","48","24.3","Closed","Network","0.92","P4","0.91","KB-NET-002","No","Yes","ticket assignment","Approved - simulated","No","3"
"INC-00189","2026-01-12","09:02","Project Management","Remote","Corporate Network","Hardware","Peripheral","Monitor and keyboard intermittently disconnect","Low","Medium","P4","End User Computing","48","21.6","Resolved","Hardware","0.92","P4","0.86","KB-HW-001","No","Yes","ticket assignment","Approved - simulated","No","5"
"INC-00190","2026-08-03","14:25","Finance","Regional Office","Service Desk","Email & Collaboration","Mailbox","Outlook is not receiving new messages","High","Low","P3","Collaboration Services","24","11.1","Resolved","Email & Collaboration","0.8","P3","0.84","KB-COLLAB-001","No","Yes","ticket assignment","Approved - simulated","No","5"
"INC-00191","2026-03-22","10:20","Engineering","Remote","Corporate Network","Network","DNS","The business application cannot resolve its service name","Low","Medium","P4","Network Operations","48","24.8","Closed","Network","0.81","P4","0.87","KB-NET-002","No","Yes","ticket assignment","Approved - simulated","No","4"
"INC-00192","2026-06-22","08:19","Operations","Head Office","Virtual Infrastructure","Software","Application Error","ERP application shows an unexpected error","Low","Low","P4","Application Support","48","8.4","In Progress","Software","0.98","P4","0.87","KB-SW-003","No","Yes","ticket assignment","Approved - simulated","No","4"
"INC-00193","2026-03-16","14:39","IT","Regional Office","Endpoint Management","Network","Wi-Fi","Wi-Fi disconnects repeatedly in the office","Medium","Medium","P3","Network Operations","24","11.9","Closed","Network","0.8","P3","0.86","KB-NET-002","No","Yes","ticket assignment","Approved - simulated","No","3"
"INC-00194","2026-06-20","12:46","HR","Remote","Corporate Network","Access Management","Permission","Finance users cannot access the shared folder after a permissions change","Medium","Medium","P3","Identity & Access","24","10","Resolved","Access Management","0.98","P3","0.92","KB-ACCESS-004","Yes","No","privileged access change","Human review required","No","4"
"INC-00195","2026-05-02","18:34","HR","Head Office","File Services","Email & Collaboration","Calendar","A calendar meeting disappeared","Low","Low","P4","Collaboration Services","48","24.4","Resolved","Email & Collaboration","0.83","P4","0.88","KB-COLLAB-001","No","Yes","ticket assignment","Approved - simulated","Yes","4"
"INC-00196","2026-02-19","10:25","Administration","Regional Office","Email & Collaboration","Hardware","Printer","Department printer is offline","Low","Medium","P4","End User Computing","48","26.3","Resolved","Hardware","0.91","P4","0.91","KB-HW-001","No","Yes","ticket assignment","Approved - simulated","No","5"
"INC-00197","2026-04-07","14:42","Procurement","Head Office","File Services","Email & Collaboration","Mailbox","Outlook is not receiving new messages","Low","Medium","P4","Collaboration Services","48","24.8","Closed","Email & Collaboration","0.96","P4","0.85","KB-COLLAB-001","No","Yes","ticket assignment","Approved - simulated","Yes","3"
"INC-00198","2026-09-16","17:16","Engineering","Regional Office","ERP","Hardware","Peripheral","Monitor and keyboard intermittently disconnect","Medium","High","P2","End User Computing","8","5","Resolved","Hardware","0.96","P2","0.92","KB-HW-001","No","Yes","ticket assignment","Approved - simulated","No","4"
"INC-00199","2026-06-03","16:16","Administration","Remote","Corporate Network","Email & Collaboration","Calendar","A calendar meeting disappeared","Low","Low","P4","Collaboration Services","48","2.6","Open","Email & Collaboration","0.96","P4","0.86","KB-COLLAB-001","No","Yes","ticket assignment","Approved - simulated","No","5"
"INC-00200","2026-04-14","14:04","Administration","Regional Office","Virtual Infrastructure","Software","Installation","User needs an approved software package installed","High","Medium","P2","Application Support","8","6.7","Resolved","Software","0.91","P2","0.96","KB-SW-003","No","Yes","ticket assignment","Approved - simulated","No","4"
"INC-00201","2026-01-29","11:19","Procurement","Regional Office","Service Desk","Network","DNS","The business application cannot resolve its service name","Medium","Medium","P3","Network Operations","24","14.9","Resolved","Network","0.87","P3","0.97","KB-NET-002","No","Yes","ticket assignment","Approved - simulated","No","4"
"INC-00202","2026-07-16","15:41","HR","Regional Office","Endpoint Management","Hardware","Laptop","Laptop will not start after reboot","High","Low","P3","End User Computing","24","13.2","Closed","Hardware","0.85","P3","0.85","KB-HW-001","No","Yes","ticket assignment","Approved - simulated","No","5"
"INC-00203","2026-01-31","18:24","HR","Head Office","Email & Collaboration","Security","Endpoint Protection","Endpoint protection reports malware activity","High","Medium","P2","Cybersecurity","8","7.5","Closed","Security","0.87","P2","0.97","KB-SEC-005","Yes","No","security control change","Human review required","No","5"
"INC-00204","2026-08-20","15:55","Procurement","Site A","Virtual Infrastructure","Email & Collaboration","Calendar","A calendar meeting disappeared","Low","Medium","P4","Collaboration Services","48","17.9","Resolved","Email & Collaboration","0.84","P4","0.87","KB-COLLAB-001","No","Yes","ticket assignment","Approved - simulated","No","4"
"INC-00205","2026-05-27","13:59","Administration","Regional Office","Virtual Infrastructure","Server & Infrastructure","Backup","Nightly backup job failed","Medium","Low","P4","Infrastructure Operations","48","17.2","Closed","Server & Infrastructure","0.91","P4","0.89","KB-INFRA-006","No","Yes","ticket assignment","Approved - simulated","No","4"
"INC-00206","2026-06-15","10:13","Finance","Site B","Virtual Infrastructure","Software","Application Error","ERP application shows an unexpected error","High","Medium","P2","Application Support","8","4.7","Closed","Software","0.89","P2","0.83","KB-SW-003","No","Yes","ticket assignment","Approved - simulated","No","3"
"INC-00207","2026-06-15","15:55","Project Management","Remote","Active Directory","Email & Collaboration","Teams","Teams calls have no audio","High","Low","P3","Collaboration Services","24","13.7","Resolved","Email & Collaboration","0.93","P3","0.93","KB-COLLAB-001","No","Yes","ticket assignment","Approved - simulated","No","3"
"INC-00208","2026-09-25","13:10","Engineering","Site A","ERP","Email & Collaboration","Mailbox","Outlook is not receiving new messages","Medium","Medium","P3","Collaboration Services","24","17.4","Resolved","Email & Collaboration","0.81","P3","0.89","KB-COLLAB-001","No","Yes","ticket assignment","Approved - simulated","No","3"
"INC-00209","2026-02-24","15:06","Administration","Remote","Endpoint Management","Security","Endpoint Protection","Endpoint protection reports malware activity","Low","High","P3","Cybersecurity","24","14.9","Closed","Security","0.83","P3","0.95","KB-SEC-005","Yes","No","security control change","Human review required","No","4"
"INC-00210","2026-05-12","09:15","Administration","Site A","Corporate Network","Hardware","Laptop","Laptop will not start after reboot","High","Low","P3","End User Computing","24","12.3","Resolved","Hardware","0.89","P3","0.94","KB-HW-001","No","Yes","ticket assignment","Approved - simulated","No","4"
"INC-00211","2026-08-02","15:43","HR","Site A","File Services","Access Management","Account Lockout","My account is locked after several failed attempts","Low","Medium","P4","Identity & Access","48","2.2","In Progress","Access Management","0.91","P4","0.95","KB-ACCESS-004","No","Yes","account unlock","Approved - simulated","Yes","4"
"INC-00212","2026-05-18","15:32","Engineering","Head Office","Virtual Infrastructure","Email & Collaboration","Mailbox","Outlook is not receiving new messages","High","Low","P3","Collaboration Services","24","14.4","Closed","Email & Collaboration","0.91","P3","0.86","KB-COLLAB-001","No","Yes","ticket assignment","Approved - simulated","No","3"
"INC-00213","2026-06-04","16:10","Project Management","Remote","Corporate Network","Email & Collaboration","Calendar","A calendar meeting disappeared","Medium","Low","P4","Collaboration Services","48","20.5","Closed","Email & Collaboration","0.97","P4","0.83","KB-COLLAB-001","No","Yes","ticket assignment","Approved - simulated","No","4"
"INC-00214","2026-06-24","15:10","Project Management","Remote","ERP","Security","Endpoint Protection","Endpoint protection reports malware activity","Low","Medium","P4","Cybersecurity","48","21.8","Closed","Security","0.87","P4","0.97","KB-SEC-005","Yes","No","security control change","Human review required","No","5"
"INC-00215","2026-01-05","14:27","Project Management","Remote","Endpoint Management","Network","Wi-Fi","Wi-Fi disconnects repeatedly in the office","Medium","Medium","P3","Network Operations","24","0.7","Open","Network","0.82","P3","0.95","KB-NET-002","No","Yes","ticket assignment","Approved - simulated","No","4"
"INC-00216","2026-01-19","13:48","Finance","Regional Office","File Services","Hardware","Printer","Department printer is offline","Low","Medium","P4","End User Computing","48","7","Open","Hardware","0.88","P4","0.96","KB-HW-001","No","Yes","ticket assignment","Approved - simulated","No","4"
"INC-00217","2026-04-11","14:09","Finance","Head Office","Virtual Infrastructure","Hardware","Printer","Department printer is offline","High","Low","P3","End User Computing","24","7.6","Open","Hardware","0.96","P3","0.91","KB-HW-001","No","Yes","ticket assignment","Approved - simulated","No","4"
"INC-00218","2026-06-03","09:29","IT","Regional Office","Service Desk","Network","DNS","The business application cannot resolve its service name","Low","High","P3","Network Operations","24","16.5","Closed","Network","0.92","P3","0.88","KB-NET-002","No","Yes","ticket assignment","Approved - simulated","No","4"
"INC-00219","2026-05-17","12:15","Administration","Regional Office","Active Directory","Email & Collaboration","Mailbox","Outlook is not receiving new messages","Medium","High","P2","Collaboration Services","8","4.5","Resolved","Email & Collaboration","0.91","P2","0.9","KB-COLLAB-001","No","Yes","ticket assignment","Approved - simulated","Yes","5"
"INC-00220","2026-03-06","11:05","Administration","Head Office","Virtual Infrastructure","Network","Wi-Fi","Wi-Fi disconnects repeatedly in the office","Medium","Medium","P3","Network Operations","24","10.8","Resolved","Network","0.87","P3","0.84","KB-NET-002","No","Yes","ticket assignment","Approved - simulated","No","4"
"INC-00221","2026-08-21","09:39","Administration","Site A","Email & Collaboration","Hardware","Laptop","Laptop will not start after reboot","Medium","Low","P4","End User Computing","48","22.7","Closed","Hardware","0.81","P4","0.92","KB-HW-001","No","Yes","ticket assignment","Approved - simulated","No","4"
"INC-00222","2026-05-20","12:25","Finance","Head Office","Email & Collaboration","Access Management","Permission","Finance users cannot access the shared folder after a permissions change","Medium","Medium","P3","Identity & Access","24","14.3","Closed","Access Management","0.94","P3","0.91","KB-ACCESS-004","Yes","No","privileged access change","Human review required","No","4"
"INC-00223","2026-06-02","13:53","Operations","Site A","Email & Collaboration","Hardware","Printer","Department printer is offline","Low","High","P3","End User Computing","24","16.6","Resolved","Hardware","0.92","P3","0.84","KB-HW-001","No","Yes","ticket assignment","Approved - simulated","No","4"
"INC-00224","2026-03-02","12:14","Operations","Remote","ERP","Network","DNS","The business application cannot resolve its service name","Medium","High","P2","Network Operations","8","6.1","Closed","Network","0.82","P2","0.84","KB-NET-002","No","Yes","ticket assignment","Approved - simulated","No","5"
"INC-00225","2026-08-26","17:56","Project Management","Head Office","Service Desk","Access Management","Account Lockout","My account is locked after several failed attempts","High","Low","P3","Identity & Access","24","13","Closed","Access Management","0.93","P3","0.88","KB-ACCESS-004","No","Yes","account unlock","Approved - simulated","No","4"
"INC-00226","2026-09-07","13:31","Engineering","Head Office","Corporate Network","Email & Collaboration","Calendar","A calendar meeting disappeared","High","High","P1","Collaboration Services","4","2.5","Resolved","Email & Collaboration","0.81","P1","0.93","KB-COLLAB-001","Yes","No","ticket assignment","Human review required","No","4"
"INC-00227","2026-09-30","11:41","Finance","Remote","File Services","Server & Infrastructure","Server Availability","Application server is unavailable","High","Medium","P2","Infrastructure Operations","8","8.1","In Progress","Server & Infrastructure","0.81","P2","0.84","KB-INFRA-006","Yes","No","production change","Human review required","No","5"
"INC-00228","2026-01-07","10:20","Engineering","Site A","Active Directory","Server & Infrastructure","Server Availability","Application server is unavailable","Low","High","P3","Infrastructure Operations","24","15.3","Closed","Server & Infrastructure","0.92","P3","0.84","KB-INFRA-006","Yes","No","production change","Human review required","No","4"
"INC-00229","2026-07-24","17:35","Procurement","Site B","Service Desk","Access Management","Permission","Finance users cannot access the shared folder after a permissions change","High","Medium","P2","Identity & Access","8","5.3","Closed","Access Management","0.91","P2","0.87","KB-ACCESS-004","Yes","No","privileged access change","Human review required","No","4"
"INC-00230","2026-03-04","17:05","Administration","Head Office","Email & Collaboration","Server & Infrastructure","Backup","Nightly backup job failed","Medium","Low","P4","Infrastructure Operations","48","24.1","Closed","Server & Infrastructure","0.91","P4","0.84","KB-INFRA-006","No","Yes","ticket assignment","Approved - simulated","No","4"
"INC-00231","2026-09-08","12:12","Project Management","Site A","ERP","Access Management","MFA","MFA code is not being accepted","Medium","Medium","P3","Identity & Access","24","10.5","Closed","Access Management","0.92","P3","0.89","KB-ACCESS-004","No","Yes","ticket assignment","Approved - simulated","No","3"
"INC-00232","2026-02-10","15:32","Engineering","Regional Office","Corporate Network","Server & Infrastructure","Server Availability","Application server is unavailable","Medium","Low","P4","Infrastructure Operations","48","24.6","Resolved","Server & Infrastructure","0.97","P4","0.88","KB-INFRA-006","Yes","No","production change","Human review required","No","3"
"INC-00233","2026-06-26","13:49","Operations","Site A","Endpoint Management","Access Management","MFA","MFA code is not being accepted","High","High","P1","Identity & Access","4","2.8","Closed","Access Management","0.86","P1","0.93","KB-ACCESS-004","Yes","No","ticket assignment","Human review required","No","3"
"INC-00234","2026-02-11","11:13","Procurement","Regional Office","Email & Collaboration","Access Management","Permission","Finance users cannot access the shared folder after a permissions change","Medium","Low","P4","Identity & Access","48","21.4","Closed","Access Management","0.83","P4","0.86","KB-ACCESS-004","Yes","No","privileged access change","Human review required","No","4"
"INC-00235","2026-04-10","15:17","Procurement","Remote","Service Desk","Network","VPN","VPN connection fails from a remote location","Medium","Medium","P3","Network Operations","24","13","Resolved","Network","0.91","P3","0.84","KB-NET-002","No","Yes","ticket assignment","Approved - simulated","No","3"
"INC-00236","2026-07-25","08:24","Finance","Site B","Virtual Infrastructure","Network","DNS","The business application cannot resolve its service name","Medium","Medium","P3","Network Operations","24","6.5","In Progress","Network","0.93","P3","0.85","KB-NET-002","No","Yes","ticket assignment","Approved - simulated","No","4"
"INC-00237","2026-06-29","14:49","HR","Site B","ERP","Access Management","Password Reset","My password expired and I cannot sign in","Low","Low","P4","Identity & Access","48","28.5","Resolved","Access Management","0.85","P4","0.93","KB-ACCESS-004","No","Yes","password reset","Approved - simulated","No","5"
"INC-00238","2026-02-15","17:20","Project Management","Regional Office","Virtual Infrastructure","Hardware","Laptop","Laptop will not start after reboot","Medium","Medium","P3","End User Computing","24","5","In Progress","Hardware","0.8","P3","0.92","KB-HW-001","No","Yes","ticket assignment","Approved - simulated","No","4"
"INC-00239","2026-09-16","18:36","Administration","Site A","File Services","Access Management","Password Reset","My password expired and I cannot sign in","Medium","High","P2","Identity & Access","8","4.9","Closed","Access Management","0.98","P2","0.85","KB-ACCESS-004","No","Yes","password reset","Approved - simulated","No","4"
"INC-00240","2026-05-18","15:26","Finance","Remote","Endpoint Management","Access Management","Password Reset","My password expired and I cannot sign in","Low","Medium","P4","Identity & Access","48","15.7","Resolved","Access Management","0.97","P4","0.95","KB-ACCESS-004","No","Yes","password reset","Approved - simulated","No","4"
"INC-00241","2026-09-12","08:29","Engineering","Site A","Active Directory","Email & Collaboration","Calendar","A calendar meeting disappeared","Medium","High","P2","Collaboration Services","8","7.4","Resolved","Email & Collaboration","0.97","P2","0.97","KB-COLLAB-001","No","Yes","ticket assignment","Approved - simulated","No","4"
"INC-00242","2026-05-14","16:08","Finance","Site B","Email & Collaboration","Server & Infrastructure","Backup","Nightly backup job failed","High","Low","P3","Infrastructure Operations","24","14.7","Resolved","Server & Infrastructure","0.97","P3","0.93","KB-INFRA-006","No","Yes","ticket assignment","Approved - simulated","Yes","3"
"INC-00243","2026-02-14","08:27","Finance","Remote","Email & Collaboration","Software","Installation","User needs an approved software package installed","Medium","Low","P4","Application Support","48","1.3","In Progress","Software","0.92","P4","0.83","KB-SW-003","No","Yes","ticket assignment","Approved - simulated","No","5"
"INC-00244","2026-05-16","16:47","Project Management","Site A","Corporate Network","Hardware","Peripheral","Monitor and keyboard intermittently disconnect","Low","Low","P4","End User Computing","48","9.5","Open","Hardware","0.81","P4","0.83","KB-HW-001","No","Yes","ticket assignment","Approved - simulated","No","3"
"INC-00245","2026-10-04","17:34","Finance","Site A","Service Desk","Server & Infrastructure","Backup","Nightly backup job failed","High","Low","P3","Infrastructure Operations","24","12.4","Resolved","Server & Infrastructure","0.82","P3","0.92","KB-INFRA-006","No","Yes","ticket assignment","Approved - simulated","No","3"
"INC-00246","2026-09-02","14:55","Engineering","Site B","Active Directory","Access Management","MFA","MFA code is not being accepted","Medium","Low","P4","Identity & Access","48","27.9","Closed","Access Management","0.94","P4","0.94","KB-ACCESS-004","No","Yes","ticket assignment","Approved - simulated","No","5"
"INC-00247","2026-08-01","09:42","Project Management","Site B","Active Directory","Access Management","Permission","Finance users cannot access the shared folder after a permissions change","High","High","P1","Identity & Access","4","3.6","Closed","Access Management","0.91","P1","0.86","KB-ACCESS-004","Yes","No","privileged access change","Human review required","No","4"
"INC-00248","2026-04-27","18:34","Procurement","Regional Office","Endpoint Management","Access Management","Permission","Finance users cannot access the shared folder after a permissions change","Medium","High","P2","Identity & Access","8","6.6","Resolved","Access Management","0.93","P2","0.85","KB-ACCESS-004","Yes","No","privileged access change","Human review required","No","4"
"INC-00249","2026-01-26","10:40","Operations","Remote","Endpoint Management","Server & Infrastructure","Backup","Nightly backup job failed","Medium","Low","P4","Infrastructure Operations","48","20.9","Resolved","Server & Infrastructure","0.97","P4","0.89","KB-INFRA-006","No","Yes","ticket assignment","Approved - simulated","No","5"
"INC-00250","2026-08-09","17:58","Operations","Head Office","Service Desk","Access Management","Password Reset","My password expired and I cannot sign in","Medium","High","P2","Identity & Access","8","5.4","Closed","Access Management","0.85","P2","0.92","KB-ACCESS-004","No","Yes","password reset","Approved - simulated","No","4"
"INC-00251","2026-06-06","17:46","Administration","Regional Office","Endpoint Management","Email & Collaboration","Mailbox","Outlook is not receiving new messages","Medium","Low","P4","Collaboration Services","48","24.1","Closed","Email & Collaboration","0.9","P4","0.85","KB-COLLAB-001","No","Yes","ticket assignment","Approved - simulated","No","4"
"INC-00252","2026-06-21","08:55","Operations","Site A","Endpoint Management","Email & Collaboration","Calendar","A calendar meeting disappeared","Medium","Low","P4","Collaboration Services","48","22.2","Closed","Email & Collaboration","0.88","P4","0.88","KB-COLLAB-001","No","Yes","ticket assignment","Approved - simulated","No","3"
"INC-00253","2026-04-22","09:48","Administration","Site A","File Services","Access Management","Account Lockout","My account is locked after several failed attempts","Low","Medium","P4","Identity & Access","48","25.2","Resolved","Access Management","0.85","P4","0.85","KB-ACCESS-004","No","Yes","account unlock","Approved - simulated","No","5"
"INC-00254","2026-03-25","17:27","Procurement","Site B","Active Directory","Access Management","MFA","MFA code is not being accepted","Low","Low","P4","Identity & Access","48","21.5","Resolved","Access Management","0.91","P4","0.94","KB-ACCESS-004","No","Yes","ticket assignment","Approved - simulated","No","3"
"INC-00255","2026-10-08","14:45","Finance","Head Office","Virtual Infrastructure","Software","Installation","User needs an approved software package installed","Medium","Medium","P3","Application Support","24","16.7","Closed","Software","0.9","P3","0.92","KB-SW-003","No","Yes","ticket assignment","Approved - simulated","No","4"
"INC-00256","2026-06-16","15:33","Project Management","Regional Office","Endpoint Management","Network","Wi-Fi","Wi-Fi disconnects repeatedly in the office","Medium","Low","P4","Network Operations","48","17.8","Resolved","Network","0.91","P4","0.94","KB-NET-002","No","Yes","ticket assignment","Approved - simulated","No","5"
"INC-00257","2026-05-13","11:50","IT","Site B","Endpoint Management","Network","Wi-Fi","Wi-Fi disconnects repeatedly in the office","Medium","High","P2","Network Operations","8","8.1","In Progress","Network","0.98","P2","0.92","KB-NET-002","No","Yes","ticket assignment","Approved - simulated","No","4"
"INC-00258","2026-07-06","08:09","Procurement","Remote","Email & Collaboration","Server & Infrastructure","Storage","File server storage is nearly full","High","High","P1","Infrastructure Operations","4","2.5","Closed","Server & Infrastructure","0.82","P1","0.89","KB-INFRA-006","Yes","No","ticket assignment","Human review required","No","4"
"INC-00259","2026-07-30","15:55","HR","Remote","Service Desk","Network","Wi-Fi","Wi-Fi disconnects repeatedly in the office","High","Medium","P2","Network Operations","8","0.7","Open","Network","0.93","P2","0.89","KB-NET-002","No","Yes","ticket assignment","Approved - simulated","No","4"
"INC-00260","2026-05-05","18:40","IT","Site A","Active Directory","Software","Application Error","ERP application shows an unexpected error","Medium","Medium","P3","Application Support","24","11.8","Closed","Software","0.94","P3","0.89","KB-SW-003","No","Yes","ticket assignment","Approved - simulated","No","4"
"INC-00261","2026-07-21","18:25","Operations","Site A","Email & Collaboration","Hardware","Printer","Department printer is offline","Low","High","P3","End User Computing","24","7","Open","Hardware","0.83","P3","0.88","KB-HW-001","No","Yes","ticket assignment","Approved - simulated","No","3"
"INC-00262","2026-03-31","17:43","IT","Head Office","Corporate Network","Software","Application Error","ERP application shows an unexpected error","High","Low","P3","Application Support","24","10.1","Closed","Software","0.94","P3","0.91","KB-SW-003","No","Yes","ticket assignment","Approved - simulated","No","4"
"INC-00263","2026-03-30","10:02","Finance","Head Office","Endpoint Management","Server & Infrastructure","Storage","File server storage is nearly full","Low","High","P3","Infrastructure Operations","24","16.4","Closed","Server & Infrastructure","0.85","P3","0.91","KB-INFRA-006","No","Yes","ticket assignment","Approved - simulated","No","4"
"INC-00264","2026-07-30","17:15","Engineering","Head Office","ERP","Software","Application Error","ERP application shows an unexpected error","Medium","Medium","P3","Application Support","24","15.4","Closed","Software","0.93","P3","0.94","KB-SW-003","No","Yes","ticket assignment","Approved - simulated","No","4"
"INC-00265","2026-06-24","11:20","Procurement","Head Office","File Services","Server & Infrastructure","Storage","File server storage is nearly full","Medium","Medium","P3","Infrastructure Operations","24","2.9","In Progress","Server & Infrastructure","0.92","P3","0.96","KB-INFRA-006","No","Yes","ticket assignment","Approved - simulated","No","3"
"INC-00266","2026-08-27","10:16","Project Management","Remote","File Services","Server & Infrastructure","Server Availability","Application server is unavailable","Low","Medium","P4","Infrastructure Operations","48","24","Resolved","Server & Infrastructure","0.9","P4","0.89","KB-INFRA-006","Yes","No","production change","Human review required","No","4"
"INC-00267","2026-05-07","13:33","Administration","Head Office","ERP","Software","Installation","User needs an approved software package installed","Medium","High","P2","Application Support","8","6.8","Closed","Software","0.87","P2","0.83","KB-SW-003","No","Yes","ticket assignment","Approved - simulated","No","5"
"INC-00268","2026-07-16","11:11","HR","Head Office","Virtual Infrastructure","Access Management","Password Reset","My password expired and I cannot sign in","Medium","Low","P4","Identity & Access","48","11.5","In Progress","Access Management","0.92","P4","0.92","KB-ACCESS-004","No","Yes","password reset","Approved - simulated","No","3"
"INC-00269","2026-07-23","10:16","Project Management","Head Office","Endpoint Management","Access Management","Permission","Finance users cannot access the shared folder after a permissions change","Medium","Low","P4","Identity & Access","48","27.3","Closed","Access Management","0.98","P4","0.96","KB-ACCESS-004","Yes","No","privileged access change","Human review required","Yes","4"
"INC-00270","2026-04-04","13:59","Finance","Remote","Service Desk","Hardware","Printer","Department printer is offline","Low","High","P3","End User Computing","24","13.4","Closed","Hardware","0.87","P3","0.84","KB-HW-001","No","Yes","ticket assignment","Approved - simulated","No","3"
"INC-00271","2026-04-05","12:22","Operations","Regional Office","Active Directory","Email & Collaboration","Mailbox","Outlook is not receiving new messages","Medium","High","P2","Collaboration Services","8","5.1","Closed","Email & Collaboration","0.97","P2","0.97","KB-COLLAB-001","No","Yes","ticket assignment","Approved - simulated","Yes","3"
"INC-00272","2026-03-27","11:12","Project Management","Regional Office","Corporate Network","Server & Infrastructure","Backup","Nightly backup job failed","Medium","Medium","P3","Infrastructure Operations","24","16.5","Resolved","Server & Infrastructure","0.83","P3","0.94","KB-INFRA-006","No","Yes","ticket assignment","Approved - simulated","No","4"
"INC-00273","2026-09-10","08:54","Administration","Regional Office","Virtual Infrastructure","Security","Phishing","User received a suspicious email requesting credentials","Medium","Low","P4","Cybersecurity","48","21.2","Closed","Security","0.9","P4","0.91","KB-SEC-005","Yes","No","security control change","Human review required","No","3"
"INC-00274","2026-05-29","16:16","Operations","Regional Office","Email & Collaboration","Access Management","Password Reset","My password expired and I cannot sign in","Low","Low","P4","Identity & Access","48","19.1","Closed","Access Management","0.93","P4","0.91","KB-ACCESS-004","No","Yes","password reset","Approved - simulated","No","5"
"INC-00275","2026-09-27","08:50","Procurement","Regional Office","Virtual Infrastructure","Email & Collaboration","Mailbox","Outlook is not receiving new messages","Medium","High","P2","Collaboration Services","8","7.2","Closed","Email & Collaboration","0.93","P2","0.88","KB-COLLAB-001","No","Yes","ticket assignment","Approved - simulated","Yes","5"
"INC-00276","2026-01-27","16:29","HR","Site B","Endpoint Management","Network","VPN","VPN connection fails from a remote location","Medium","Medium","P3","Network Operations","24","12.3","Closed","Network","0.93","P3","0.9","KB-NET-002","No","Yes","ticket assignment","Approved - simulated","No","4"
"INC-00277","2026-08-07","08:20","Engineering","Site A","Corporate Network","Hardware","Laptop","Laptop will not start after reboot","Medium","Medium","P3","End User Computing","24","11.3","Open","Hardware","0.88","P3","0.82","KB-HW-001","No","Yes","ticket assignment","Approved - simulated","No","4"
"INC-00278","2026-09-24","11:49","Operations","Site A","File Services","Security","Endpoint Protection","Endpoint protection reports malware activity","High","Low","P3","Cybersecurity","24","15.1","Resolved","Security","0.9","P3","0.87","KB-SEC-005","Yes","No","security control change","Human review required","No","4"
"INC-00279","2026-09-09","15:38","Project Management","Regional Office","Corporate Network","Network","DNS","The business application cannot resolve its service name","Low","Medium","P4","Network Operations","48","26.8","Closed","Network","0.91","P4","0.9","KB-NET-002","No","Yes","ticket assignment","Approved - simulated","No","4"
"INC-00280","2026-03-27","12:58","Procurement","Regional Office","Virtual Infrastructure","Network","Wi-Fi","Wi-Fi disconnects repeatedly in the office","Low","High","P3","Network Operations","24","11","Closed","Network","0.92","P3","0.82","KB-NET-002","No","Yes","ticket assignment","Approved - simulated","No","4"
"INC-00281","2026-04-24","14:43","Engineering","Site A","Corporate Network","Security","Phishing","User received a suspicious email requesting credentials","Medium","High","P2","Cybersecurity","8","6.2","Closed","Security","0.88","P2","0.85","KB-SEC-005","Yes","No","security control change","Human review required","No","3"
"INC-00282","2026-08-31","11:31","HR","Remote","Virtual Infrastructure","Software","Application Error","ERP application shows an unexpected error","Medium","Low","P4","Application Support","48","16.2","Resolved","Software","0.88","P4","0.83","KB-SW-003","No","Yes","ticket assignment","Approved - simulated","No","4"
"INC-00283","2026-07-09","09:09","IT","Site A","Email & Collaboration","Server & Infrastructure","Backup","Nightly backup job failed","Medium","High","P2","Infrastructure Operations","8","6.7","In Progress","Server & Infrastructure","0.88","P2","0.91","KB-INFRA-006","No","Yes","ticket assignment","Approved - simulated","No","3"
"INC-00284","2026-04-17","11:29","Project Management","Remote","Service Desk","Network","Wi-Fi","Wi-Fi disconnects repeatedly in the office","Medium","Medium","P3","Network Operations","24","10.5","In Progress","Network","0.92","P3","0.87","KB-NET-002","No","Yes","ticket assignment","Approved - simulated","No","4"
"INC-00285","2026-04-27","10:43","Finance","Head Office","Service Desk","Hardware","Printer","Department printer is offline","Low","Medium","P4","End User Computing","48","18.8","Closed","Hardware","0.83","P4","0.87","KB-HW-001","No","Yes","ticket assignment","Approved - simulated","No","4"
"INC-00286","2026-06-10","17:04","Finance","Head Office","Active Directory","Access Management","Permission","Finance users cannot access the shared folder after a permissions change","Medium","High","P2","Identity & Access","8","5.5","Resolved","Access Management","0.91","P2","0.94","KB-ACCESS-004","Yes","No","privileged access change","Human review required","No","4"
"INC-00287","2026-01-11","14:04","Operations","Remote","Virtual Infrastructure","Access Management","Password Reset","My password expired and I cannot sign in","High","High","P1","Identity & Access","4","5.8","In Progress","Access Management","0.87","P1","0.84","KB-ACCESS-004","Yes","No","password reset","Human review required","No","5"
"INC-00288","2026-04-05","15:20","HR","Head Office","Endpoint Management","Access Management","Permission","Finance users cannot access the shared folder after a permissions change","Medium","High","P2","Identity & Access","8","9.8","In Progress","Access Management","0.89","P2","0.89","KB-ACCESS-004","Yes","No","privileged access change","Human review required","No","4"
"INC-00289","2026-05-22","13:51","Administration","Site B","Virtual Infrastructure","Network","VPN","VPN connection fails from a remote location","Low","Medium","P4","Network Operations","48","27.5","Resolved","Network","0.86","P4","0.92","KB-NET-002","No","Yes","ticket assignment","Approved - simulated","No","4"
"INC-00290","2026-02-17","10:32","Procurement","Head Office","Service Desk","Email & Collaboration","Mailbox","Outlook is not receiving new messages","Medium","Medium","P3","Collaboration Services","24","13.7","Resolved","Email & Collaboration","0.89","P3","0.87","KB-COLLAB-001","No","Yes","ticket assignment","Approved - simulated","No","4"
"INC-00291","2026-09-29","12:13","Project Management","Regional Office","Service Desk","Network","VPN","VPN connection fails from a remote location","High","Low","P3","Network Operations","24","17.4","Closed","Network","0.88","P3","0.97","KB-NET-002","No","Yes","ticket assignment","Approved - simulated","No","3"
"INC-00292","2026-05-02","18:58","IT","Remote","Active Directory","Server & Infrastructure","Server Availability","Application server is unavailable","Low","Low","P4","Infrastructure Operations","48","7.9","In Progress","Server & Infrastructure","0.87","P4","0.97","KB-INFRA-006","Yes","No","production change","Human review required","No","4"
"INC-00293","2026-04-15","09:41","IT","Head Office","Email & Collaboration","Network","VPN","VPN connection fails from a remote location","Low","Medium","P4","Network Operations","48","25.9","Resolved","Network","0.92","P4","0.96","KB-NET-002","No","Yes","ticket assignment","Approved - simulated","No","4"
"INC-00294","2026-03-15","15:31","Administration","Site A","Email & Collaboration","Server & Infrastructure","Storage","File server storage is nearly full","Low","Low","P4","Infrastructure Operations","48","16.4","Closed","Server & Infrastructure","0.93","P4","0.94","KB-INFRA-006","No","Yes","ticket assignment","Approved - simulated","No","4"
"INC-00295","2026-06-20","13:21","IT","Remote","Endpoint Management","Software","Installation","User needs an approved software package installed","Medium","Low","P4","Application Support","48","11.1","Open","Software","0.83","P4","0.97","KB-SW-003","No","Yes","ticket assignment","Approved - simulated","Yes","4"
"INC-00296","2026-04-06","12:30","HR","Site B","File Services","Access Management","MFA","MFA code is not being accepted","High","High","P1","Identity & Access","4","3.8","Resolved","Access Management","0.96","P1","0.92","KB-ACCESS-004","Yes","No","ticket assignment","Human review required","No","4"
"INC-00297","2026-05-29","15:32","Administration","Site A","File Services","Software","Installation","User needs an approved software package installed","Low","Medium","P4","Application Support","48","22.7","Closed","Software","0.81","P4","0.83","KB-SW-003","No","Yes","ticket assignment","Approved - simulated","No","4"
"INC-00298","2026-03-31","08:41","Engineering","Remote","Endpoint Management","Network","Wi-Fi","Wi-Fi disconnects repeatedly in the office","Medium","Medium","P3","Network Operations","24","10.5","Resolved","Network","0.84","P3","0.9","KB-NET-002","No","Yes","ticket assignment","Approved - simulated","No","5"
"INC-00299","2026-05-16","12:11","Administration","Remote","Email & Collaboration","Access Management","MFA","MFA code is not being accepted","Medium","Low","P4","Identity & Access","48","4.7","Open","Access Management","0.9","P4","0.94","KB-ACCESS-004","No","Yes","ticket assignment","Approved - simulated","Yes","4"
"INC-00300","2026-02-15","10:08","Administration","Site B","Active Directory","Hardware","Laptop","Laptop will not start after reboot","Low","Low","P4","End User Computing","48","20","Closed","Hardware","0.81","P4","0.83","KB-HW-001","No","Yes","ticket assignment","Approved - simulated","No","5"
"INC-00301","2026-01-08","08:14","IT","Head Office","Active Directory","Security","Endpoint Protection","Endpoint protection reports malware activity","Medium","High","P2","Cybersecurity","8","6.3","Closed","Security","0.95","P2","0.91","KB-SEC-005","Yes","No","security control change","Human review required","No","3"
"INC-00302","2026-10-02","08:28","HR","Site B","Virtual Infrastructure","Software","Installation","User needs an approved software package installed","High","Medium","P2","Application Support","8","4.4","Closed","Software","0.94","P2","0.96","KB-SW-003","No","Yes","ticket assignment","Approved - simulated","No","4"
"INC-00303","2026-06-17","17:37","Administration","Regional Office","Corporate Network","Hardware","Peripheral","Monitor and keyboard intermittently disconnect","Low","Low","P4","End User Computing","48","25.9","Closed","Hardware","0.83","P4","0.86","KB-HW-001","No","Yes","ticket assignment","Approved - simulated","No","3"
"INC-00304","2026-04-22","12:50","Administration","Site B","File Services","Access Management","Account Lockout","My account is locked after several failed attempts","Low","Medium","P4","Identity & Access","48","16.7","Closed","Access Management","0.96","P4","0.82","KB-ACCESS-004","No","Yes","account unlock","Approved - simulated","No","5"
"INC-00305","2026-09-02","14:32","Procurement","Remote","Endpoint Management","Software","Installation","User needs an approved software package installed","Low","Medium","P4","Application Support","48","19.5","Closed","Software","0.88","P4","0.86","KB-SW-003","No","Yes","ticket assignment","Approved - simulated","No","3"
"INC-00306","2026-04-23","15:56","Operations","Regional Office","Virtual Infrastructure","Security","Endpoint Protection","Endpoint protection reports malware activity","Medium","High","P2","Cybersecurity","8","6.8","Closed","Security","0.87","P2","0.96","KB-SEC-005","Yes","No","security control change","Human review required","No","3"
"INC-00307","2026-06-04","17:54","Engineering","Regional Office","Endpoint Management","Hardware","Peripheral","Monitor and keyboard intermittently disconnect","Low","Medium","P4","End User Computing","48","25.5","Closed","Hardware","0.88","P4","0.93","KB-HW-001","No","Yes","ticket assignment","Approved - simulated","No","4"
"INC-00308","2026-06-06","14:52","HR","Remote","File Services","Hardware","Printer","Department printer is offline","Medium","High","P2","End User Computing","8","2.8","In Progress","Hardware","0.83","P2","0.85","KB-HW-001","No","Yes","ticket assignment","Approved - simulated","No","4"
"INC-00309","2026-02-18","18:53","Project Management","Site A","Service Desk","Server & Infrastructure","Storage","File server storage is nearly full","Low","Low","P4","Infrastructure Operations","48","19.7","Resolved","Server & Infrastructure","0.87","P4","0.86","KB-INFRA-006","No","Yes","ticket assignment","Approved - simulated","No","4"
"INC-00310","2026-05-23","13:17","HR","Site B","File Services","Network","DNS","The business application cannot resolve its service name","Medium","Medium","P3","Network Operations","24","14.6","Closed","Network","0.86","P3","0.96","KB-NET-002","No","Yes","ticket assignment","Approved - simulated","No","4"
"INC-00311","2026-07-24","10:07","Project Management","Site B","Endpoint Management","Access Management","Password Reset","My password expired and I cannot sign in","Low","High","P3","Identity & Access","24","12.4","Closed","Access Management","0.88","P3","0.89","KB-ACCESS-004","No","Yes","password reset","Approved - simulated","No","5"
"INC-00312","2026-09-08","09:48","Operations","Site A","Virtual Infrastructure","Access Management","Permission","Finance users cannot access the shared folder after a permissions change","High","Medium","P2","Identity & Access","8","6.6","Closed","Access Management","0.91","P2","0.92","KB-ACCESS-004","Yes","No","privileged access change","Human review required","No","3"
"INC-00313","2026-02-26","08:59","HR","Site B","Endpoint Management","Access Management","MFA","MFA code is not being accepted","Medium","Medium","P3","Identity & Access","24","17.5","Closed","Access Management","0.89","P3","0.96","KB-ACCESS-004","No","Yes","ticket assignment","Approved - simulated","No","3"
"INC-00314","2026-05-10","11:41","HR","Regional Office","Virtual Infrastructure","Server & Infrastructure","Storage","File server storage is nearly full","Medium","Medium","P3","Infrastructure Operations","24","16.7","Resolved","Server & Infrastructure","0.95","P3","0.95","KB-INFRA-006","No","Yes","ticket assignment","Approved - simulated","No","4"
"INC-00315","2026-07-20","12:20","HR","Site A","Corporate Network","Access Management","Account Lockout","My account is locked after several failed attempts","Low","Low","P4","Identity & Access","48","27.8","Closed","Access Management","0.9","P4","0.92","KB-ACCESS-004","No","Yes","account unlock","Approved - simulated","No","3"
"INC-00316","2026-01-25","16:08","Procurement","Remote","Corporate Network","Email & Collaboration","Mailbox","Outlook is not receiving new messages","High","High","P1","Collaboration Services","4","5.3","In Progress","Email & Collaboration","0.91","P1","0.86","KB-COLLAB-001","Yes","No","ticket assignment","Human review required","No","4"
"INC-00317","2026-05-28","09:53","Procurement","Head Office","Endpoint Management","Network","DNS","The business application cannot resolve its service name","Medium","Low","P4","Network Operations","48","28.5","Resolved","Network","0.83","P4","0.91","KB-NET-002","No","Yes","ticket assignment","Approved - simulated","No","3"
"INC-00318","2026-08-28","14:04","Finance","Site B","File Services","Access Management","MFA","MFA code is not being accepted","High","Medium","P2","Identity & Access","8","4.8","Resolved","Access Management","0.95","P2","0.94","KB-ACCESS-004","No","Yes","ticket assignment","Approved - simulated","No","4"
"INC-00319","2026-07-30","11:02","Procurement","Site A","Email & Collaboration","Network","Wi-Fi","Wi-Fi disconnects repeatedly in the office","High","Medium","P2","Network Operations","8","5.1","Closed","Network","0.88","P2","0.92","KB-NET-002","No","Yes","ticket assignment","Approved - simulated","Yes","3"
"INC-00320","2026-03-05","09:38","Operations","Site B","File Services","Security","Endpoint Protection","Endpoint protection reports malware activity","Medium","High","P2","Cybersecurity","8","8.6","In Progress","Security","0.93","P2","0.93","KB-SEC-005","Yes","No","security control change","Human review required","No","4"
"INC-00321","2026-07-06","16:04","IT","Regional Office","ERP","Access Management","MFA","MFA code is not being accepted","Medium","Medium","P3","Identity & Access","24","11.8","Resolved","Access Management","0.9","P3","0.85","KB-ACCESS-004","No","Yes","ticket assignment","Approved - simulated","No","4"
"INC-00322","2026-03-07","12:24","Engineering","Head Office","ERP","Server & Infrastructure","Backup","Nightly backup job failed","Medium","Low","P4","Infrastructure Operations","48","21.5","Resolved","Server & Infrastructure","0.93","P4","0.94","KB-INFRA-006","No","Yes","ticket assignment","Approved - simulated","No","3"
"INC-00323","2026-04-09","08:43","Operations","Site B","Corporate Network","Hardware","Peripheral","Monitor and keyboard intermittently disconnect","Medium","Medium","P3","End User Computing","24","9.5","In Progress","Hardware","0.82","P3","0.88","KB-HW-001","No","Yes","ticket assignment","Approved - simulated","No","4"
"INC-00324","2026-08-20","15:29","Operations","Site A","Service Desk","Server & Infrastructure","Backup","Nightly backup job failed","Low","Low","P4","Infrastructure Operations","48","20.5","Resolved","Server & Infrastructure","0.86","P4","0.95","KB-INFRA-006","No","Yes","ticket assignment","Approved - simulated","No","3"
"INC-00325","2026-04-07","10:35","Engineering","Head Office","Service Desk","Hardware","Printer","Department printer is offline","Low","Low","P4","End User Computing","48","25.6","Closed","Hardware","0.85","P4","0.84","KB-HW-001","No","Yes","ticket assignment","Approved - simulated","No","5"
"INC-00326","2026-04-15","13:52","Finance","Regional Office","Endpoint Management","Access Management","Permission","Finance users cannot access the shared folder after a permissions change","Low","Medium","P4","Identity & Access","48","18.6","Resolved","Access Management","0.94","P4","0.85","KB-ACCESS-004","Yes","No","privileged access change","Human review required","No","4"
"INC-00327","2026-04-16","10:19","Procurement","Site B","Virtual Infrastructure","Hardware","Printer","Department printer is offline","Medium","Medium","P3","End User Computing","24","12.1","Closed","Hardware","0.81","P3","0.92","KB-HW-001","No","Yes","ticket assignment","Approved - simulated","Yes","4"
"INC-00328","2026-08-06","13:25","Procurement","Head Office","Email & Collaboration","Hardware","Printer","Department printer is offline","Medium","Low","P4","End User Computing","48","16.5","Closed","Hardware","0.93","P4","0.91","KB-HW-001","No","Yes","ticket assignment","Approved - simulated","No","3"
"INC-00329","2026-08-09","15:28","Operations","Head Office","Endpoint Management","Network","VPN","VPN connection fails from a remote location","Medium","Medium","P3","Network Operations","24","12","Closed","Network","0.98","P3","0.87","KB-NET-002","No","Yes","ticket assignment","Approved - simulated","No","4"
"INC-00330","2026-01-02","12:21","Project Management","Remote","Service Desk","Hardware","Laptop","Laptop will not start after reboot","Medium","Medium","P3","End User Computing","24","15.9","Resolved","Hardware","0.87","P3","0.91","KB-HW-001","No","Yes","ticket assignment","Approved - simulated","No","5"
"INC-00331","2026-03-20","18:36","Engineering","Head Office","File Services","Server & Infrastructure","Backup","Nightly backup job failed","Low","Medium","P4","Infrastructure Operations","48","26.8","Resolved","Server & Infrastructure","0.96","P4","0.96","KB-INFRA-006","No","Yes","ticket assignment","Approved - simulated","No","4"
"INC-00332","2026-03-23","16:59","Procurement","Head Office","Email & Collaboration","Access Management","Permission","Finance users cannot access the shared folder after a permissions change","Medium","Medium","P3","Identity & Access","24","5.9","In Progress","Access Management","0.95","P3","0.83","KB-ACCESS-004","Yes","No","privileged access change","Human review required","No","4"
"INC-00333","2026-01-20","12:04","IT","Site B","ERP","Email & Collaboration","Mailbox","Outlook is not receiving new messages","Medium","High","P2","Collaboration Services","8","7.1","Closed","Email & Collaboration","0.97","P2","0.91","KB-COLLAB-001","No","Yes","ticket assignment","Approved - simulated","No","3"
"INC-00334","2026-06-14","16:33","Administration","Remote","File Services","Security","Phishing","User received a suspicious email requesting credentials","Medium","Low","P4","Cybersecurity","48","22.6","Closed","Security","0.91","P4","0.95","KB-SEC-005","Yes","No","security control change","Human review required","No","5"
"INC-00335","2026-01-16","09:57","Project Management","Site B","Corporate Network","Hardware","Printer","Department printer is offline","High","Low","P3","End User Computing","24","8.4","In Progress","Hardware","0.96","P3","0.83","KB-HW-001","No","Yes","ticket assignment","Approved - simulated","No","4"
"INC-00336","2026-09-16","12:08","Administration","Site B","Service Desk","Network","VPN","VPN connection fails from a remote location","High","Low","P3","Network Operations","24","14.2","Closed","Network","0.91","P3","0.88","KB-NET-002","No","Yes","ticket assignment","Approved - simulated","No","5"
"INC-00337","2026-07-03","10:16","Administration","Head Office","ERP","Hardware","Peripheral","Monitor and keyboard intermittently disconnect","Medium","High","P2","End User Computing","8","2.5","In Progress","Hardware","0.82","P2","0.96","KB-HW-001","No","Yes","ticket assignment","Approved - simulated","No","4"
"INC-00338","2026-06-04","14:40","Engineering","Site A","ERP","Software","Application Error","ERP application shows an unexpected error","Medium","Medium","P3","Application Support","24","14.4","Resolved","Software","0.85","P3","0.87","KB-SW-003","No","Yes","ticket assignment","Approved - simulated","No","3"
"INC-00339","2026-01-31","18:34","Project Management","Remote","Virtual Infrastructure","Access Management","MFA","MFA code is not being accepted","Medium","Medium","P3","Identity & Access","24","12.3","Resolved","Access Management","0.93","P3","0.91","KB-ACCESS-004","No","Yes","ticket assignment","Approved - simulated","No","4"
"INC-00340","2026-05-23","17:20","Operations","Head Office","Email & Collaboration","Security","Endpoint Protection","Endpoint protection reports malware activity","Low","Medium","P4","Cybersecurity","48","19.8","Closed","Security","0.98","P4","0.87","KB-SEC-005","Yes","No","security control change","Human review required","No","4"
"INC-00341","2026-03-11","11:20","Engineering","Site B","Virtual Infrastructure","Hardware","Printer","Department printer is offline","High","Low","P3","End User Computing","24","9.1","Open","Hardware","0.87","P3","0.91","KB-HW-001","No","Yes","ticket assignment","Approved - simulated","No","3"
"INC-00342","2026-03-02","14:58","Project Management","Regional Office","ERP","Access Management","Permission","Finance users cannot access the shared folder after a permissions change","Medium","Medium","P3","Identity & Access","24","13.4","Closed","Access Management","0.8","P3","0.88","KB-ACCESS-004","Yes","No","privileged access change","Human review required","No","3"
"INC-00343","2026-07-13","16:38","IT","Head Office","Virtual Infrastructure","Server & Infrastructure","Storage","File server storage is nearly full","Medium","High","P2","Infrastructure Operations","8","4.3","Resolved","Server & Infrastructure","0.85","P2","0.89","KB-INFRA-006","No","Yes","ticket assignment","Approved - simulated","Yes","3"
"INC-00344","2026-06-12","18:13","Operations","Site B","Email & Collaboration","Access Management","Password Reset","My password expired and I cannot sign in","Low","Medium","P4","Identity & Access","48","21.6","Closed","Access Management","0.82","P4","0.89","KB-ACCESS-004","No","Yes","password reset","Approved - simulated","No","4"
"INC-00345","2026-07-11","11:31","Finance","Site B","Active Directory","Network","Wi-Fi","Wi-Fi disconnects repeatedly in the office","Low","Medium","P4","Network Operations","48","24.2","Resolved","Network","0.96","P4","0.89","KB-NET-002","No","Yes","ticket assignment","Approved - simulated","No","4"
"INC-00346","2026-05-29","14:11","HR","Regional Office","Endpoint Management","Software","Installation","User needs an approved software package installed","Medium","Medium","P3","Application Support","24","10.9","Resolved","Software","0.92","P3","0.88","KB-SW-003","No","Yes","ticket assignment","Approved - simulated","No","4"
"INC-00347","2026-05-30","09:10","Operations","Regional Office","Corporate Network","Network","DNS","The business application cannot resolve its service name","Medium","Low","P4","Network Operations","48","26","Resolved","Network","0.93","P4","0.86","KB-NET-002","No","Yes","ticket assignment","Approved - simulated","No","4"
"INC-00348","2026-10-08","15:33","Operations","Remote","Active Directory","Email & Collaboration","Teams","Teams calls have no audio","Medium","Medium","P3","Collaboration Services","24","11.5","Closed","Email & Collaboration","0.86","P3","0.89","KB-COLLAB-001","No","Yes","ticket assignment","Approved - simulated","No","5"
"INC-00349","2026-04-12","18:41","Finance","Site B","Email & Collaboration","Server & Infrastructure","Server Availability","Application server is unavailable","Medium","Low","P4","Infrastructure Operations","48","26.1","Resolved","Server & Infrastructure","0.81","P4","0.94","KB-INFRA-006","Yes","No","production change","Human review required","No","5"
"INC-00350","2026-09-29","17:57","Administration","Site A","ERP","Network","DNS","The business application cannot resolve its service name","Low","Medium","P4","Network Operations","48","20.4","Closed","Network","0.82","P4","0.84","KB-NET-002","No","Yes","ticket assignment","Approved - simulated","No","4"
"INC-00351","2026-03-18","12:45","Operations","Remote","Service Desk","Hardware","Peripheral","Monitor and keyboard intermittently disconnect","High","High","P1","End User Computing","4","3.5","Resolved","Hardware","0.97","P1","0.87","KB-HW-001","Yes","No","ticket assignment","Human review required","No","5"
"INC-00352","2026-02-27","16:02","IT","Site B","Email & Collaboration","Server & Infrastructure","Server Availability","Application server is unavailable","Medium","Medium","P3","Infrastructure Operations","24","15.8","Closed","Server & Infrastructure","0.84","P3","0.97","KB-INFRA-006","Yes","No","production change","Human review required","No","4"
"INC-00353","2026-05-10","18:11","Operations","Regional Office","Endpoint Management","Hardware","Printer","Department printer is offline","Medium","Medium","P3","End User Computing","24","14.6","Resolved","Hardware","0.94","P3","0.82","KB-HW-001","No","Yes","ticket assignment","Approved - simulated","No","4"
"INC-00354","2026-07-19","17:24","Project Management","Head Office","Email & Collaboration","Security","Phishing","User received a suspicious email requesting credentials","Medium","Low","P4","Cybersecurity","48","18.5","Closed","Security","0.89","P4","0.93","KB-SEC-005","Yes","No","security control change","Human review required","Yes","4"
"INC-00355","2026-01-03","16:33","Administration","Site B","Endpoint Management","Email & Collaboration","Calendar","A calendar meeting disappeared","Low","High","P3","Collaboration Services","24","15.3","Resolved","Email & Collaboration","0.87","P3","0.93","KB-COLLAB-001","No","Yes","ticket assignment","Approved - simulated","No","3"
"INC-00356","2026-05-17","11:49","Engineering","Regional Office","ERP","Software","Application Error","ERP application shows an unexpected error","Low","Medium","P4","Application Support","48","15.8","Resolved","Software","0.92","P4","0.94","KB-SW-003","No","Yes","ticket assignment","Approved - simulated","No","3"
"INC-00357","2026-08-15","18:44","Operations","Regional Office","File Services","Email & Collaboration","Mailbox","Outlook is not receiving new messages","Low","Medium","P4","Collaboration Services","48","21.8","Closed","Email & Collaboration","0.81","P4","0.94","KB-COLLAB-001","No","Yes","ticket assignment","Approved - simulated","No","3"
"INC-00358","2026-08-24","16:06","Project Management","Site B","ERP","Access Management","Account Lockout","My account is locked after several failed attempts","High","High","P1","Identity & Access","4","2.7","Closed","Access Management","0.81","P1","0.84","KB-ACCESS-004","Yes","No","account unlock","Human review required","No","4"
"INC-00359","2026-01-05","11:33","HR","Site A","File Services","Security","Endpoint Protection","Endpoint protection reports malware activity","Medium","Low","P4","Cybersecurity","48","21.9","Resolved","Security","0.9","P4","0.85","KB-SEC-005","Yes","No","security control change","Human review required","No","5"
"INC-00360","2026-02-15","15:32","Administration","Regional Office","Email & Collaboration","Access Management","MFA","MFA code is not being accepted","Medium","Medium","P3","Identity & Access","24","12.4","Resolved","Access Management","0.94","P3","0.92","KB-ACCESS-004","No","Yes","ticket assignment","Approved - simulated","No","4"
"INC-00361","2026-01-26","09:57","Procurement","Site B","Email & Collaboration","Access Management","Permission","Finance users cannot access the shared folder after a permissions change","Medium","High","P2","Identity & Access","8","7.6","Resolved","Access Management","0.89","P2","0.95","KB-ACCESS-004","Yes","No","privileged access change","Human review required","No","3"
"INC-00362","2026-07-11","17:00","Procurement","Regional Office","Corporate Network","Network","Wi-Fi","Wi-Fi disconnects repeatedly in the office","High","High","P1","Network Operations","4","3.3","Closed","Network","0.95","P1","0.93","KB-NET-002","Yes","No","ticket assignment","Human review required","No","4"
"INC-00363","2026-01-17","11:59","IT","Remote","Email & Collaboration","Email & Collaboration","Mailbox","Outlook is not receiving new messages","Medium","Medium","P3","Collaboration Services","24","11.4","Closed","Email & Collaboration","0.93","P3","0.97","KB-COLLAB-001","No","Yes","ticket assignment","Approved - simulated","No","4"
"INC-00364","2026-04-27","12:15","Operations","Remote","File Services","Access Management","Permission","Finance users cannot access the shared folder after a permissions change","High","Medium","P2","Identity & Access","8","4.3","In Progress","Access Management","0.97","P2","0.91","KB-ACCESS-004","Yes","No","privileged access change","Human review required","No","4"
"INC-00365","2026-06-08","14:31","IT","Site A","Email & Collaboration","Server & Infrastructure","Storage","File server storage is nearly full","High","Low","P3","Infrastructure Operations","24","16.3","Resolved","Server & Infrastructure","0.92","P3","0.86","KB-INFRA-006","No","Yes","ticket assignment","Approved - simulated","No","5"
"INC-00366","2026-09-19","17:54","HR","Site B","Service Desk","Email & Collaboration","Mailbox","Outlook is not receiving new messages","Medium","Medium","P3","Collaboration Services","24","11.6","Closed","Email & Collaboration","0.88","P3","0.88","KB-COLLAB-001","No","Yes","ticket assignment","Approved - simulated","No","3"
"INC-00367","2026-02-03","09:42","Project Management","Site A","ERP","Access Management","Password Reset","My password expired and I cannot sign in","Medium","Medium","P3","Identity & Access","24","5.4","In Progress","Access Management","0.92","P3","0.96","KB-ACCESS-004","No","Yes","password reset","Approved - simulated","No","4"
"INC-00368","2026-01-27","12:24","HR","Remote","Endpoint Management","Server & Infrastructure","Server Availability","Application server is unavailable","Low","Medium","P4","Infrastructure Operations","48","26.3","Closed","Server & Infrastructure","0.8","P4","0.95","KB-INFRA-006","Yes","No","production change","Human review required","No","4"
"INC-00369","2026-01-06","17:37","IT","Site B","Service Desk","Email & Collaboration","Mailbox","Outlook is not receiving new messages","Low","Medium","P4","Collaboration Services","48","9","In Progress","Email & Collaboration","0.88","P4","0.93","KB-COLLAB-001","No","Yes","ticket assignment","Approved - simulated","No","4"
"INC-00370","2026-04-19","08:01","Operations","Head Office","Active Directory","Server & Infrastructure","Server Availability","Application server is unavailable","High","High","P1","Infrastructure Operations","4","3.3","Closed","Server & Infrastructure","0.9","P1","0.91","KB-INFRA-006","Yes","No","production change","Human review required","No","3"
"INC-00371","2026-07-30","16:37","Engineering","Regional Office","Active Directory","Email & Collaboration","Calendar","A calendar meeting disappeared","Medium","Low","P4","Collaboration Services","48","22.1","Closed","Email & Collaboration","0.85","P4","0.9","KB-COLLAB-001","No","Yes","ticket assignment","Approved - simulated","No","5"
"INC-00372","2026-04-07","14:07","Procurement","Site B","Active Directory","Server & Infrastructure","Server Availability","Application server is unavailable","Medium","Medium","P3","Infrastructure Operations","24","4.6","In Progress","Server & Infrastructure","0.9","P3","0.92","KB-INFRA-006","Yes","No","production change","Human review required","No","3"
"INC-00373","2026-03-02","13:10","Engineering","Regional Office","ERP","Server & Infrastructure","Storage","File server storage is nearly full","Low","Low","P4","Infrastructure Operations","48","16.7","Closed","Server & Infrastructure","0.94","P4","0.89","KB-INFRA-006","No","Yes","ticket assignment","Approved - simulated","No","5"
"INC-00374","2026-06-27","12:14","Project Management","Head Office","Endpoint Management","Network","DNS","The business application cannot resolve its service name","High","Medium","P2","Network Operations","8","5.8","Closed","Network","0.94","P2","0.89","KB-NET-002","No","Yes","ticket assignment","Approved - simulated","Yes","5"
"INC-00375","2026-06-19","11:11","Engineering","Remote","Email & Collaboration","Access Management","MFA","MFA code is not being accepted","High","Medium","P2","Identity & Access","8","4.8","Open","Access Management","0.84","P2","0.84","KB-ACCESS-004","No","Yes","ticket assignment","Approved - simulated","No","4"
"INC-00376","2026-09-18","13:27","Operations","Head Office","Virtual Infrastructure","Access Management","Account Lockout","My account is locked after several failed attempts","Low","Low","P4","Identity & Access","48","3.8","Open","Access Management","0.8","P4","0.83","KB-ACCESS-004","No","Yes","account unlock","Approved - simulated","No","4"
"INC-00377","2026-01-29","13:47","Project Management","Regional Office","Endpoint Management","Network","DNS","The business application cannot resolve its service name","Low","Low","P4","Network Operations","48","26.4","Resolved","Network","0.9","P4","0.85","KB-NET-002","No","Yes","ticket assignment","Approved - simulated","No","3"
"INC-00378","2026-02-10","11:40","Finance","Remote","ERP","Network","Wi-Fi","Wi-Fi disconnects repeatedly in the office","High","Medium","P2","Network Operations","8","5.3","Closed","Network","0.92","P2","0.9","KB-NET-002","No","Yes","ticket assignment","Approved - simulated","Yes","4"
"INC-00379","2026-09-27","12:18","Project Management","Site A","Endpoint Management","Access Management","Account Lockout","My account is locked after several failed attempts","High","Medium","P2","Identity & Access","8","4.2","Resolved","Access Management","0.83","P2","0.88","KB-ACCESS-004","No","Yes","account unlock","Approved - simulated","No","5"
"INC-00380","2026-07-20","10:16","IT","Head Office","Corporate Network","Hardware","Laptop","Laptop will not start after reboot","Medium","Medium","P3","End User Computing","24","11.9","Closed","Hardware","0.85","P3","0.82","KB-HW-001","No","Yes","ticket assignment","Approved - simulated","Yes","4"
"INC-00381","2026-06-12","13:40","Project Management","Site B","ERP","Hardware","Peripheral","Monitor and keyboard intermittently disconnect","Medium","Medium","P3","End User Computing","24","16","Resolved","Hardware","0.8","P3","0.91","KB-HW-001","No","Yes","ticket assignment","Approved - simulated","No","5"
"INC-00382","2026-05-05","18:24","Procurement","Head Office","File Services","Server & Infrastructure","Storage","File server storage is nearly full","Medium","Medium","P3","Infrastructure Operations","24","17.4","Resolved","Server & Infrastructure","0.88","P3","0.84","KB-INFRA-006","No","Yes","ticket assignment","Approved - simulated","No","4"
"INC-00383","2026-01-22","10:12","Project Management","Head Office","File Services","Access Management","Permission","Finance users cannot access the shared folder after a permissions change","Medium","Medium","P3","Identity & Access","24","18.2","Closed","Access Management","0.93","P3","0.94","KB-ACCESS-004","Yes","No","privileged access change","Human review required","No","4"
"INC-00384","2026-08-06","14:32","Engineering","Site A","Endpoint Management","Network","DNS","The business application cannot resolve its service name","Low","Medium","P4","Network Operations","48","19.2","Resolved","Network","0.9","P4","0.95","KB-NET-002","No","Yes","ticket assignment","Approved - simulated","No","4"
"INC-00385","2026-04-15","14:02","Operations","Head Office","Corporate Network","Security","Phishing","User received a suspicious email requesting credentials","Medium","Low","P4","Cybersecurity","48","8.4","In Progress","Security","0.81","P4","0.85","KB-SEC-005","Yes","No","security control change","Human review required","No","4"
"INC-00386","2026-02-15","16:28","Finance","Site B","Active Directory","Access Management","Account Lockout","My account is locked after several failed attempts","High","High","P1","Identity & Access","4","5.2","In Progress","Access Management","0.94","P1","0.95","KB-ACCESS-004","Yes","No","account unlock","Human review required","No","5"
"INC-00387","2026-05-14","12:35","HR","Regional Office","Active Directory","Access Management","MFA","MFA code is not being accepted","Low","Low","P4","Identity & Access","48","16.2","Closed","Access Management","0.81","P4","0.87","KB-ACCESS-004","No","Yes","ticket assignment","Approved - simulated","No","4"
"INC-00388","2026-03-21","12:17","IT","Remote","Service Desk","Software","Application Error","ERP application shows an unexpected error","Low","Medium","P4","Application Support","48","6","In Progress","Software","0.96","P4","0.87","KB-SW-003","No","Yes","ticket assignment","Approved - simulated","No","4"
"INC-00389","2026-08-02","14:34","HR","Remote","ERP","Email & Collaboration","Mailbox","Outlook is not receiving new messages","Medium","High","P2","Collaboration Services","8","0.9","In Progress","Email & Collaboration","0.96","P2","0.85","KB-COLLAB-001","No","Yes","ticket assignment","Approved - simulated","No","4"
"INC-00390","2026-05-31","12:09","HR","Site A","Endpoint Management","Network","DNS","The business application cannot resolve its service name","Medium","Medium","P3","Network Operations","24","14.9","Closed","Network","0.82","P3","0.94","KB-NET-002","No","Yes","ticket assignment","Approved - simulated","No","4"
"INC-00391","2026-07-23","10:46","HR","Remote","ERP","Hardware","Peripheral","Monitor and keyboard intermittently disconnect","High","High","P1","End User Computing","4","3.6","Closed","Hardware","0.9","P1","0.9","KB-HW-001","Yes","No","ticket assignment","Human review required","No","4"
"INC-00392","2026-02-19","09:37","Administration","Regional Office","Endpoint Management","Network","VPN","VPN connection fails from a remote location","High","Medium","P2","Network Operations","8","10.1","Open","Network","0.94","P2","0.93","KB-NET-002","No","Yes","ticket assignment","Approved - simulated","No","4"
"INC-00393","2026-02-23","08:37","Operations","Remote","Email & Collaboration","Email & Collaboration","Calendar","A calendar meeting disappeared","Low","Medium","P4","Collaboration Services","48","3.4","Open","Email & Collaboration","0.84","P4","0.87","KB-COLLAB-001","No","Yes","ticket assignment","Approved - simulated","No","4"
"INC-00394","2026-02-12","08:55","HR","Remote","Active Directory","Email & Collaboration","Teams","Teams calls have no audio","Medium","Medium","P3","Collaboration Services","24","14.2","Closed","Email & Collaboration","0.84","P3","0.92","KB-COLLAB-001","No","Yes","ticket assignment","Approved - simulated","No","4"
"INC-00395","2026-01-01","09:23","Finance","Regional Office","Corporate Network","Email & Collaboration","Teams","Teams calls have no audio","Low","Medium","P4","Collaboration Services","48","17.2","Resolved","Email & Collaboration","0.92","P4","0.97","KB-COLLAB-001","No","Yes","ticket assignment","Approved - simulated","No","4"
"INC-00396","2026-04-11","08:22","Operations","Head Office","Endpoint Management","Security","Endpoint Protection","Endpoint protection reports malware activity","Medium","Low","P4","Cybersecurity","48","26.6","Resolved","Security","0.82","P4","0.86","KB-SEC-005","Yes","No","security control change","Human review required","No","4"
"INC-00397","2026-10-06","13:18","Project Management","Site B","Endpoint Management","Email & Collaboration","Teams","Teams calls have no audio","High","Medium","P2","Collaboration Services","8","4.3","Resolved","Email & Collaboration","0.96","P2","0.88","KB-COLLAB-001","No","Yes","ticket assignment","Approved - simulated","No","4"
"INC-00398","2026-02-14","13:56","HR","Regional Office","Virtual Infrastructure","Server & Infrastructure","Server Availability","Application server is unavailable","Medium","Medium","P3","Infrastructure Operations","24","12.7","Resolved","Server & Infrastructure","0.8","P3","0.88","KB-INFRA-006","Yes","No","production change","Human review required","No","5"
"INC-00399","2026-02-27","08:30","Procurement","Site A","Service Desk","Email & Collaboration","Calendar","A calendar meeting disappeared","Medium","Low","P4","Collaboration Services","48","20.8","Closed","Email & Collaboration","0.97","P4","0.95","KB-COLLAB-001","No","Yes","ticket assignment","Approved - simulated","No","4"
"INC-00400","2026-08-31","12:10","Engineering","Head Office","Service Desk","Software","Installation","User needs an approved software package installed","High","Low","P3","Application Support","24","17.3","Closed","Software","0.92","P3","0.87","KB-SW-003","No","Yes","ticket assignment","Approved - simulated","Yes","5"
"INC-00401","2026-09-30","08:32","Finance","Regional Office","Corporate Network","Hardware","Peripheral","Monitor and keyboard intermittently disconnect","Low","Medium","P4","End User Computing","48","21.1","Closed","Hardware","0.83","P4","0.95","KB-HW-001","No","Yes","ticket assignment","Approved - simulated","No","4"
"INC-00402","2026-05-28","15:13","HR","Site A","Virtual Infrastructure","Email & Collaboration","Calendar","A calendar meeting disappeared","Medium","Medium","P3","Collaboration Services","24","3.2","Open","Email & Collaboration","0.87","P3","0.96","KB-COLLAB-001","No","Yes","ticket assignment","Approved - simulated","No","4"
"INC-00403","2026-06-18","08:42","Operations","Remote","File Services","Server & Infrastructure","Storage","File server storage is nearly full","Medium","Medium","P3","Infrastructure Operations","24","14","Closed","Server & Infrastructure","0.9","P3","0.88","KB-INFRA-006","No","Yes","ticket assignment","Approved - simulated","No","4"
"INC-00404","2026-07-10","09:05","Administration","Head Office","Email & Collaboration","Hardware","Laptop","Laptop will not start after reboot","High","Medium","P2","End User Computing","8","7.4","Closed","Hardware","0.88","P2","0.92","KB-HW-001","No","Yes","ticket assignment","Approved - simulated","No","4"
"INC-00405","2026-04-10","17:53","IT","Regional Office","Corporate Network","Network","Wi-Fi","Wi-Fi disconnects repeatedly in the office","Low","Medium","P4","Network Operations","48","16.7","Closed","Network","0.89","P4","0.96","KB-NET-002","No","Yes","ticket assignment","Approved - simulated","No","4"
"INC-00406","2026-01-03","16:48","HR","Remote","Corporate Network","Security","Phishing","User received a suspicious email requesting credentials","Medium","Low","P4","Cybersecurity","48","23.5","Closed","Security","0.96","P4","0.84","KB-SEC-005","Yes","No","security control change","Human review required","No","4"
"INC-00407","2026-08-13","09:10","Engineering","Site B","Corporate Network","Hardware","Printer","Department printer is offline","Low","Low","P4","End User Computing","48","17.5","Resolved","Hardware","0.91","P4","0.89","KB-HW-001","No","Yes","ticket assignment","Approved - simulated","No","4"
"INC-00408","2026-09-10","17:08","HR","Remote","Virtual Infrastructure","Server & Infrastructure","Backup","Nightly backup job failed","Medium","Low","P4","Infrastructure Operations","48","7","Open","Server & Infrastructure","0.93","P4","0.92","KB-INFRA-006","No","Yes","ticket assignment","Approved - simulated","No","3"
"INC-00409","2026-04-02","13:21","Operations","Head Office","File Services","Hardware","Peripheral","Monitor and keyboard intermittently disconnect","Low","Medium","P4","End User Computing","48","15.4","Closed","Hardware","0.9","P4","0.83","KB-HW-001","No","Yes","ticket assignment","Approved - simulated","No","5"
"INC-00410","2026-07-28","10:46","Project Management","Head Office","Endpoint Management","Access Management","MFA","MFA code is not being accepted","Low","Medium","P4","Identity & Access","48","17.8","Closed","Access Management","0.92","P4","0.92","KB-ACCESS-004","No","Yes","ticket assignment","Approved - simulated","No","5"
"INC-00411","2026-02-05","16:49","Procurement","Site A","Virtual Infrastructure","Network","Wi-Fi","Wi-Fi disconnects repeatedly in the office","Medium","Low","P4","Network Operations","48","17.1","Closed","Network","0.93","P4","0.87","KB-NET-002","No","Yes","ticket assignment","Approved - simulated","No","4"
"INC-00412","2026-02-23","18:43","Administration","Site A","Active Directory","Server & Infrastructure","Backup","Nightly backup job failed","Low","Medium","P4","Infrastructure Operations","48","20.3","Resolved","Server & Infrastructure","0.94","P4","0.86","KB-INFRA-006","No","Yes","ticket assignment","Approved - simulated","Yes","4"
"INC-00413","2026-04-17","15:43","IT","Site A","ERP","Network","Wi-Fi","Wi-Fi disconnects repeatedly in the office","Medium","High","P2","Network Operations","8","5.7","Resolved","Network","0.82","P2","0.93","KB-NET-002","No","Yes","ticket assignment","Approved - simulated","No","5"
"INC-00414","2026-03-01","17:34","Engineering","Site A","Endpoint Management","Server & Infrastructure","Server Availability","Application server is unavailable","Low","High","P3","Infrastructure Operations","24","18.1","Closed","Server & Infrastructure","0.82","P3","0.87","KB-INFRA-006","Yes","No","production change","Human review required","No","4"
"INC-00415","2026-10-07","12:06","Operations","Remote","Virtual Infrastructure","Software","Application Error","ERP application shows an unexpected error","Low","Medium","P4","Application Support","48","20.9","Closed","Software","0.95","P4","0.97","KB-SW-003","No","Yes","ticket assignment","Approved - simulated","No","4"
"INC-00416","2026-07-23","14:34","Engineering","Site A","Email & Collaboration","Network","VPN","VPN connection fails from a remote location","Low","Medium","P4","Network Operations","48","21.5","Resolved","Network","0.88","P4","0.87","KB-NET-002","No","Yes","ticket assignment","Approved - simulated","No","4"
"INC-00417","2026-07-06","11:50","Engineering","Remote","Virtual Infrastructure","Email & Collaboration","Calendar","A calendar meeting disappeared","Low","Low","P4","Collaboration Services","48","7.5","In Progress","Email & Collaboration","0.85","P4","0.97","KB-COLLAB-001","No","Yes","ticket assignment","Approved - simulated","No","5"
"INC-00418","2026-03-15","08:06","Operations","Remote","Service Desk","Server & Infrastructure","Storage","File server storage is nearly full","Low","Medium","P4","Infrastructure Operations","48","24.9","Closed","Server & Infrastructure","0.93","P4","0.92","KB-INFRA-006","No","Yes","ticket assignment","Approved - simulated","No","3"
"INC-00419","2026-08-03","17:54","Procurement","Head Office","ERP","Server & Infrastructure","Backup","Nightly backup job failed","Medium","High","P2","Infrastructure Operations","8","10.1","In Progress","Server & Infrastructure","0.86","P2","0.89","KB-INFRA-006","No","Yes","ticket assignment","Approved - simulated","No","4"
"INC-00420","2026-07-03","18:16","Procurement","Regional Office","Endpoint Management","Email & Collaboration","Mailbox","Outlook is not receiving new messages","Medium","Low","P4","Collaboration Services","48","18.3","Resolved","Email & Collaboration","0.96","P4","0.94","KB-COLLAB-001","No","Yes","ticket assignment","Approved - simulated","No","4"
"INC-00421","2026-03-22","15:42","Project Management","Site B","Email & Collaboration","Access Management","Account Lockout","My account is locked after several failed attempts","Medium","Low","P4","Identity & Access","48","27.4","Closed","Access Management","0.85","P4","0.91","KB-ACCESS-004","No","Yes","account unlock","Approved - simulated","No","4"
"INC-00422","2026-05-09","17:04","Engineering","Regional Office","File Services","Network","VPN","VPN connection fails from a remote location","Medium","Low","P4","Network Operations","48","23.8","Resolved","Network","0.91","P4","0.95","KB-NET-002","No","Yes","ticket assignment","Approved - simulated","No","4"
"INC-00423","2026-08-11","09:40","HR","Site B","Email & Collaboration","Network","Wi-Fi","Wi-Fi disconnects repeatedly in the office","Low","High","P3","Network Operations","24","14.9","Resolved","Network","0.84","P3","0.85","KB-NET-002","No","Yes","ticket assignment","Approved - simulated","No","5"
"INC-00424","2026-09-03","09:31","HR","Site A","Service Desk","Software","Installation","User needs an approved software package installed","High","Medium","P2","Application Support","8","5.9","Closed","Software","0.84","P2","0.84","KB-SW-003","No","Yes","ticket assignment","Approved - simulated","No","5"
"INC-00425","2026-04-19","15:21","Procurement","Remote","File Services","Software","Installation","User needs an approved software package installed","High","Medium","P2","Application Support","8","6.9","Resolved","Software","0.92","P2","0.85","KB-SW-003","No","Yes","ticket assignment","Approved - simulated","No","5"
"INC-00426","2026-02-16","16:50","Operations","Head Office","Corporate Network","Network","Wi-Fi","Wi-Fi disconnects repeatedly in the office","Low","Low","P4","Network Operations","48","28.3","Closed","Network","0.81","P4","0.82","KB-NET-002","No","Yes","ticket assignment","Approved - simulated","No","4"
"INC-00427","2026-09-26","09:22","Finance","Head Office","Virtual Infrastructure","Software","Installation","User needs an approved software package installed","High","Medium","P2","Application Support","8","7.4","Closed","Software","0.89","P2","0.96","KB-SW-003","No","Yes","ticket assignment","Approved - simulated","No","5"
"INC-00428","2026-06-30","18:57","Administration","Head Office","Corporate Network","Server & Infrastructure","Storage","File server storage is nearly full","Medium","Low","P4","Infrastructure Operations","48","23.7","Resolved","Server & Infrastructure","0.98","P4","0.89","KB-INFRA-006","No","Yes","ticket assignment","Approved - simulated","No","4"
"INC-00429","2026-09-20","12:08","Operations","Site B","Active Directory","Security","Phishing","User received a suspicious email requesting credentials","Medium","Medium","P3","Cybersecurity","24","16.7","Closed","Security","0.85","P3","0.94","KB-SEC-005","Yes","No","security control change","Human review required","No","5"
"INC-00430","2026-01-31","08:05","Operations","Regional Office","File Services","Hardware","Peripheral","Monitor and keyboard intermittently disconnect","Medium","Low","P4","End User Computing","48","7.5","In Progress","Hardware","0.95","P4","0.97","KB-HW-001","No","Yes","ticket assignment","Approved - simulated","No","4"
"INC-00431","2026-07-09","17:44","Operations","Site A","Service Desk","Network","Wi-Fi","Wi-Fi disconnects repeatedly in the office","Medium","Medium","P3","Network Operations","24","11.8","Resolved","Network","0.94","P3","0.85","KB-NET-002","No","Yes","ticket assignment","Approved - simulated","No","4"
"INC-00432","2026-07-13","09:40","HR","Head Office","Email & Collaboration","Server & Infrastructure","Storage","File server storage is nearly full","Medium","Low","P4","Infrastructure Operations","48","20.8","Closed","Server & Infrastructure","0.88","P4","0.84","KB-INFRA-006","No","Yes","ticket assignment","Approved - simulated","No","4"
"INC-00433","2026-04-03","13:18","HR","Head Office","Email & Collaboration","Security","Endpoint Protection","Endpoint protection reports malware activity","Medium","Medium","P3","Cybersecurity","24","4","Open","Security","0.9","P3","0.91","KB-SEC-005","Yes","No","security control change","Human review required","No","4"
"INC-00434","2026-06-12","12:35","Finance","Site B","ERP","Security","Phishing","User received a suspicious email requesting credentials","Low","High","P3","Cybersecurity","24","11.9","Closed","Security","0.83","P3","0.86","KB-SEC-005","Yes","No","security control change","Human review required","No","3"
"INC-00435","2026-06-03","11:00","Administration","Head Office","Active Directory","Hardware","Laptop","Laptop will not start after reboot","Low","Medium","P4","End User Computing","48","21.2","Resolved","Hardware","0.9","P4","0.91","KB-HW-001","No","Yes","ticket assignment","Approved - simulated","No","4"
"INC-00436","2026-09-22","10:27","Procurement","Head Office","Corporate Network","Email & Collaboration","Calendar","A calendar meeting disappeared","High","Medium","P2","Collaboration Services","8","6.2","Closed","Email & Collaboration","0.87","P2","0.82","KB-COLLAB-001","No","Yes","ticket assignment","Approved - simulated","No","4"
"INC-00437","2026-08-15","08:52","Procurement","Site B","Email & Collaboration","Access Management","Account Lockout","My account is locked after several failed attempts","Medium","High","P2","Identity & Access","8","4.6","Closed","Access Management","0.93","P2","0.93","KB-ACCESS-004","No","Yes","account unlock","Approved - simulated","No","4"
"INC-00438","2026-08-17","16:06","Operations","Regional Office","Corporate Network","Hardware","Peripheral","Monitor and keyboard intermittently disconnect","Low","Low","P4","End User Computing","48","24.3","Closed","Hardware","0.9","P4","0.95","KB-HW-001","No","Yes","ticket assignment","Approved - simulated","No","3"
"INC-00439","2026-07-18","16:47","Finance","Remote","ERP","Security","Phishing","User received a suspicious email requesting credentials","Medium","High","P2","Cybersecurity","8","11.8","In Progress","Security","0.93","P2","0.97","KB-SEC-005","Yes","No","security control change","Human review required","No","4"
"INC-00440","2026-01-22","11:39","Project Management","Site A","ERP","Server & Infrastructure","Backup","Nightly backup job failed","Low","Low","P4","Infrastructure Operations","48","18.4","Resolved","Server & Infrastructure","0.94","P4","0.91","KB-INFRA-006","No","Yes","ticket assignment","Approved - simulated","No","5"
"INC-00441","2026-07-25","17:43","HR","Remote","ERP","Hardware","Peripheral","Monitor and keyboard intermittently disconnect","Low","Medium","P4","End User Computing","48","6.3","In Progress","Hardware","0.85","P4","0.85","KB-HW-001","No","Yes","ticket assignment","Approved - simulated","No","5"
"INC-00442","2026-07-07","08:32","Procurement","Site A","Active Directory","Server & Infrastructure","Storage","File server storage is nearly full","Low","Low","P4","Infrastructure Operations","48","27.3","Resolved","Server & Infrastructure","0.94","P4","0.88","KB-INFRA-006","No","Yes","ticket assignment","Approved - simulated","No","4"
"INC-00443","2026-09-20","17:02","Operations","Remote","File Services","Access Management","MFA","MFA code is not being accepted","Low","Medium","P4","Identity & Access","48","16.3","Resolved","Access Management","0.97","P4","0.97","KB-ACCESS-004","No","Yes","ticket assignment","Approved - simulated","No","4"
"INC-00444","2026-04-13","10:56","HR","Regional Office","Virtual Infrastructure","Network","VPN","VPN connection fails from a remote location","Medium","High","P2","Network Operations","8","4.8","Closed","Network","0.91","P2","0.86","KB-NET-002","No","Yes","ticket assignment","Approved - simulated","No","4"
"INC-00445","2026-01-01","12:01","HR","Site B","Endpoint Management","Hardware","Peripheral","Monitor and keyboard intermittently disconnect","Low","Low","P4","End User Computing","48","21.5","Closed","Hardware","0.83","P4","0.92","KB-HW-001","No","Yes","ticket assignment","Approved - simulated","No","5"
"INC-00446","2026-08-27","15:32","Operations","Site A","Endpoint Management","Software","Installation","User needs an approved software package installed","Low","Medium","P4","Application Support","48","16.1","Closed","Software","0.93","P4","0.92","KB-SW-003","No","Yes","ticket assignment","Approved - simulated","No","5"
"INC-00447","2026-07-01","08:12","Finance","Site A","Corporate Network","Email & Collaboration","Calendar","A calendar meeting disappeared","Medium","Medium","P3","Collaboration Services","24","13.6","Closed","Email & Collaboration","0.82","P3","0.89","KB-COLLAB-001","No","Yes","ticket assignment","Approved - simulated","No","3"
"INC-00448","2026-06-21","13:33","Finance","Remote","ERP","Network","Wi-Fi","Wi-Fi disconnects repeatedly in the office","High","High","P1","Network Operations","4","4.5","Closed","Network","0.84","P1","0.84","KB-NET-002","Yes","No","ticket assignment","Human review required","No","4"
"INC-00449","2026-05-15","17:44","Administration","Regional Office","Email & Collaboration","Security","Phishing","User received a suspicious email requesting credentials","Low","High","P3","Cybersecurity","24","2.5","In Progress","Security","0.9","P3","0.91","KB-SEC-005","Yes","No","security control change","Human review required","No","4"
"INC-00450","2026-06-20","09:26","Finance","Remote","Virtual Infrastructure","Access Management","Permission","Finance users cannot access the shared folder after a permissions change","Low","High","P3","Identity & Access","24","13.5","Closed","Access Management","0.89","P3","0.96","KB-ACCESS-004","Yes","No","privileged access change","Human review required","No","4"
"INC-00451","2026-03-05","12:14","HR","Site B","Corporate Network","Email & Collaboration","Mailbox","Outlook is not receiving new messages","High","Medium","P2","Collaboration Services","8","4.6","Resolved","Email & Collaboration","0.9","P2","0.93","KB-COLLAB-001","No","Yes","ticket assignment","Approved - simulated","No","4"
"INC-00452","2026-01-11","08:53","Operations","Remote","Active Directory","Access Management","Account Lockout","My account is locked after several failed attempts","Low","High","P3","Identity & Access","24","6.4","In Progress","Access Management","0.81","P3","0.85","KB-ACCESS-004","No","Yes","account unlock","Approved - simulated","No","5"
"INC-00453","2026-09-14","17:37","Operations","Site A","File Services","Security","Endpoint Protection","Endpoint protection reports malware activity","High","Low","P3","Cybersecurity","24","12","Closed","Security","0.95","P3","0.85","KB-SEC-005","Yes","No","security control change","Human review required","No","3"
"INC-00454","2026-06-04","13:44","Finance","Regional Office","Service Desk","Email & Collaboration","Teams","Teams calls have no audio","Medium","Medium","P3","Collaboration Services","24","9.6","Open","Email & Collaboration","0.93","P3","0.89","KB-COLLAB-001","No","Yes","ticket assignment","Approved - simulated","No","3"
"INC-00455","2026-02-13","15:23","IT","Site A","Service Desk","Hardware","Peripheral","Monitor and keyboard intermittently disconnect","Low","High","P3","End User Computing","24","10.6","Resolved","Hardware","0.94","P3","0.87","KB-HW-001","No","Yes","ticket assignment","Approved - simulated","No","5"
"INC-00456","2026-08-18","12:57","Procurement","Site A","Virtual Infrastructure","Network","VPN","VPN connection fails from a remote location","Low","Medium","P4","Network Operations","48","27.8","Closed","Network","0.88","P4","0.84","KB-NET-002","No","Yes","ticket assignment","Approved - simulated","No","3"
"INC-00457","2026-06-25","15:55","Finance","Head Office","Corporate Network","Email & Collaboration","Teams","Teams calls have no audio","Medium","Low","P4","Collaboration Services","48","24.4","Closed","Email & Collaboration","0.94","P4","0.89","KB-COLLAB-001","No","Yes","ticket assignment","Approved - simulated","No","4"
"INC-00458","2026-09-29","17:12","Operations","Site B","Endpoint Management","Network","Wi-Fi","Wi-Fi disconnects repeatedly in the office","High","High","P1","Network Operations","4","3.1","Closed","Network","0.97","P1","0.87","KB-NET-002","Yes","No","ticket assignment","Human review required","No","3"
"INC-00459","2026-05-28","11:50","IT","Head Office","Email & Collaboration","Access Management","MFA","MFA code is not being accepted","Medium","Medium","P3","Identity & Access","24","12.1","Closed","Access Management","0.95","P3","0.92","KB-ACCESS-004","No","Yes","ticket assignment","Approved - simulated","No","5"
"INC-00460","2026-02-14","09:24","IT","Regional Office","Corporate Network","Hardware","Laptop","Laptop will not start after reboot","Medium","Medium","P3","End User Computing","24","18.2","Closed","Hardware","0.81","P3","0.94","KB-HW-001","No","Yes","ticket assignment","Approved - simulated","No","3"
"INC-00461","2026-06-21","16:46","Engineering","Site A","Virtual Infrastructure","Email & Collaboration","Teams","Teams calls have no audio","Low","Medium","P4","Collaboration Services","48","10.3","In Progress","Email & Collaboration","0.92","P4","0.89","KB-COLLAB-001","No","Yes","ticket assignment","Approved - simulated","Yes","5"
"INC-00462","2026-03-11","13:15","Project Management","Site B","File Services","Software","Installation","User needs an approved software package installed","Medium","Low","P4","Application Support","48","20.4","Closed","Software","0.97","P4","0.92","KB-SW-003","No","Yes","ticket assignment","Approved - simulated","No","4"
"INC-00463","2026-09-03","14:35","Administration","Site A","Virtual Infrastructure","Network","Wi-Fi","Wi-Fi disconnects repeatedly in the office","Low","Low","P4","Network Operations","48","17.1","Closed","Network","0.95","P4","0.92","KB-NET-002","No","Yes","ticket assignment","Approved - simulated","No","4"
"INC-00464","2026-09-26","08:42","IT","Regional Office","Active Directory","Server & Infrastructure","Storage","File server storage is nearly full","Medium","Low","P4","Infrastructure Operations","48","16.4","Resolved","Server & Infrastructure","0.95","P4","0.85","KB-INFRA-006","No","Yes","ticket assignment","Approved - simulated","Yes","4"
"INC-00465","2026-03-14","10:38","Operations","Site A","Email & Collaboration","Hardware","Printer","Department printer is offline","High","Medium","P2","End User Computing","8","7.6","Closed","Hardware","0.98","P2","0.83","KB-HW-001","No","Yes","ticket assignment","Approved - simulated","No","4"
"INC-00466","2026-02-22","11:54","Finance","Regional Office","Corporate Network","Software","Installation","User needs an approved software package installed","Low","Medium","P4","Application Support","48","15.5","Resolved","Software","0.96","P4","0.84","KB-SW-003","No","Yes","ticket assignment","Approved - simulated","No","5"
"INC-00467","2026-01-22","16:52","Operations","Regional Office","Service Desk","Network","DNS","The business application cannot resolve its service name","High","High","P1","Network Operations","4","3.5","Closed","Network","0.94","P1","0.83","KB-NET-002","Yes","No","ticket assignment","Human review required","No","4"
"INC-00468","2026-09-06","09:10","Project Management","Regional Office","Active Directory","Server & Infrastructure","Storage","File server storage is nearly full","Medium","High","P2","Infrastructure Operations","8","4.8","Closed","Server & Infrastructure","0.97","P2","0.84","KB-INFRA-006","No","Yes","ticket assignment","Approved - simulated","No","5"
"INC-00469","2026-01-09","11:21","Engineering","Head Office","Virtual Infrastructure","Network","VPN","VPN connection fails from a remote location","Low","Low","P4","Network Operations","48","26.8","Closed","Network","0.97","P4","0.91","KB-NET-002","No","Yes","ticket assignment","Approved - simulated","No","3"
"INC-00470","2026-07-08","15:03","Administration","Head Office","Active Directory","Hardware","Laptop","Laptop will not start after reboot","Medium","High","P2","End User Computing","8","6.3","Closed","Hardware","0.81","P2","0.84","KB-HW-001","No","Yes","ticket assignment","Approved - simulated","No","4"
"INC-00471","2026-02-23","09:56","Operations","Remote","ERP","Network","Wi-Fi","Wi-Fi disconnects repeatedly in the office","Low","High","P3","Network Operations","24","17.6","Resolved","Network","0.84","P3","0.87","KB-NET-002","No","Yes","ticket assignment","Approved - simulated","No","4"
"INC-00472","2026-08-01","11:52","Engineering","Head Office","File Services","Access Management","Password Reset","My password expired and I cannot sign in","Medium","Medium","P3","Identity & Access","24","15.5","Closed","Access Management","0.9","P3","0.86","KB-ACCESS-004","No","Yes","password reset","Approved - simulated","No","4"
"INC-00473","2026-09-25","17:59","HR","Site A","File Services","Access Management","Account Lockout","My account is locked after several failed attempts","Low","Low","P4","Identity & Access","48","26.4","Resolved","Access Management","0.98","P4","0.92","KB-ACCESS-004","No","Yes","account unlock","Approved - simulated","No","4"
"INC-00474","2026-03-04","12:55","Finance","Site B","ERP","Hardware","Laptop","Laptop will not start after reboot","Low","Low","P4","End User Computing","48","1.5","In Progress","Hardware","0.97","P4","0.86","KB-HW-001","No","Yes","ticket assignment","Approved - simulated","No","4"
"INC-00475","2026-01-20","16:13","HR","Remote","ERP","Network","Wi-Fi","Wi-Fi disconnects repeatedly in the office","Low","High","P3","Network Operations","24","17.2","Closed","Network","0.94","P3","0.82","KB-NET-002","No","Yes","ticket assignment","Approved - simulated","No","5"
"INC-00476","2026-08-10","15:47","Project Management","Site A","Virtual Infrastructure","Security","Phishing","User received a suspicious email requesting credentials","Medium","Low","P4","Cybersecurity","48","24","Closed","Security","0.84","P4","0.82","KB-SEC-005","Yes","No","security control change","Human review required","No","4"
"INC-00477","2026-02-04","13:58","Operations","Remote","Virtual Infrastructure","Security","Phishing","User received a suspicious email requesting credentials","Low","Low","P4","Cybersecurity","48","11.5","Open","Security","0.89","P4","0.9","KB-SEC-005","Yes","No","security control change","Human review required","No","5"
"INC-00478","2026-09-27","15:52","Operations","Site B","Corporate Network","Network","Wi-Fi","Wi-Fi disconnects repeatedly in the office","Medium","Low","P4","Network Operations","48","15.8","Resolved","Network","0.82","P4","0.83","KB-NET-002","No","Yes","ticket assignment","Approved - simulated","No","5"
"INC-00479","2026-07-07","10:10","Administration","Remote","Email & Collaboration","Hardware","Laptop","Laptop will not start after reboot","Low","Medium","P4","End User Computing","48","8.5","In Progress","Hardware","0.89","P4","0.89","KB-HW-001","No","Yes","ticket assignment","Approved - simulated","No","3"
"INC-00480","2026-04-06","16:16","Project Management","Site B","File Services","Server & Infrastructure","Server Availability","Application server is unavailable","Medium","High","P2","Infrastructure Operations","8","0.7","Open","Server & Infrastructure","0.88","P2","0.87","KB-INFRA-006","Yes","No","production change","Human review required","Yes","5"
"INC-00481","2026-02-07","11:47","Engineering","Site A","Corporate Network","Server & Infrastructure","Backup","Nightly backup job failed","Low","Medium","P4","Infrastructure Operations","48","17.6","Closed","Server & Infrastructure","0.81","P4","0.88","KB-INFRA-006","No","Yes","ticket assignment","Approved - simulated","No","4"
"INC-00482","2026-04-06","16:56","IT","Regional Office","ERP","Hardware","Printer","Department printer is offline","Medium","Low","P4","End User Computing","48","8.8","In Progress","Hardware","0.8","P4","0.83","KB-HW-001","No","Yes","ticket assignment","Approved - simulated","No","5"
"INC-00483","2026-10-01","15:12","HR","Site A","Service Desk","Hardware","Laptop","Laptop will not start after reboot","High","Medium","P2","End User Computing","8","6","Resolved","Hardware","0.83","P2","0.95","KB-HW-001","No","Yes","ticket assignment","Approved - simulated","No","4"
"INC-00484","2026-07-13","17:27","Administration","Site A","Active Directory","Hardware","Peripheral","Monitor and keyboard intermittently disconnect","Medium","Low","P4","End User Computing","48","22.4","Closed","Hardware","0.92","P4","0.91","KB-HW-001","No","Yes","ticket assignment","Approved - simulated","No","4"
"INC-00485","2026-09-07","17:38","Finance","Remote","File Services","Hardware","Printer","Department printer is offline","Medium","Medium","P3","End User Computing","24","15.5","Closed","Hardware","0.89","P3","0.86","KB-HW-001","No","Yes","ticket assignment","Approved - simulated","No","5"
"INC-00486","2026-09-05","09:45","Project Management","Site B","Corporate Network","Software","Installation","User needs an approved software package installed","Medium","Medium","P3","Application Support","24","12.8","Closed","Software","0.83","P3","0.86","KB-SW-003","No","Yes","ticket assignment","Approved - simulated","No","4"
"INC-00487","2026-07-10","15:10","Administration","Regional Office","Virtual Infrastructure","Email & Collaboration","Teams","Teams calls have no audio","Medium","High","P2","Collaboration Services","8","6.2","Closed","Email & Collaboration","0.91","P2","0.94","KB-COLLAB-001","No","Yes","ticket assignment","Approved - simulated","No","4"
"INC-00488","2026-01-18","10:45","IT","Remote","Service Desk","Server & Infrastructure","Backup","Nightly backup job failed","Medium","Medium","P3","Infrastructure Operations","24","14.6","Closed","Server & Infrastructure","0.96","P3","0.84","KB-INFRA-006","No","Yes","ticket assignment","Approved - simulated","No","5"
"INC-00489","2026-08-23","08:37","Project Management","Remote","Endpoint Management","Email & Collaboration","Teams","Teams calls have no audio","Low","Low","P4","Collaboration Services","48","24.2","Closed","Email & Collaboration","0.85","P4","0.84","KB-COLLAB-001","No","Yes","ticket assignment","Approved - simulated","No","5"
"INC-00490","2026-08-12","10:29","Procurement","Site A","File Services","Security","Phishing","User received a suspicious email requesting credentials","Medium","High","P2","Cybersecurity","8","6.9","Resolved","Security","0.91","P2","0.97","KB-SEC-005","Yes","No","security control change","Human review required","No","4"
"INC-00491","2026-01-12","10:16","Operations","Site B","Corporate Network","Server & Infrastructure","Backup","Nightly backup job failed","Medium","Low","P4","Infrastructure Operations","48","20.3","Resolved","Server & Infrastructure","0.84","P4","0.86","KB-INFRA-006","No","Yes","ticket assignment","Approved - simulated","No","4"
"INC-00492","2026-01-18","17:12","Procurement","Site A","Active Directory","Access Management","MFA","MFA code is not being accepted","Low","Medium","P4","Identity & Access","48","24.9","Closed","Access Management","0.85","P4","0.86","KB-ACCESS-004","No","Yes","ticket assignment","Approved - simulated","No","4"
"INC-00493","2026-01-26","18:53","Administration","Head Office","Corporate Network","Email & Collaboration","Teams","Teams calls have no audio","Medium","High","P2","Collaboration Services","8","5.6","Resolved","Email & Collaboration","0.83","P2","0.91","KB-COLLAB-001","No","Yes","ticket assignment","Approved - simulated","No","5"
"INC-00494","2026-05-30","13:25","Engineering","Site A","Service Desk","Security","Phishing","User received a suspicious email requesting credentials","Medium","Medium","P3","Cybersecurity","24","14.4","Resolved","Security","0.82","P3","0.91","KB-SEC-005","Yes","No","security control change","Human review required","No","3"
"INC-00495","2026-02-02","12:00","Operations","Head Office","File Services","Network","Wi-Fi","Wi-Fi disconnects repeatedly in the office","Low","Medium","P4","Network Operations","48","21.1","Resolved","Network","0.95","P4","0.94","KB-NET-002","No","Yes","ticket assignment","Approved - simulated","No","4"
"INC-00496","2026-07-06","15:30","Project Management","Site A","Corporate Network","Security","Phishing","User received a suspicious email requesting credentials","High","Medium","P2","Cybersecurity","8","11.9","In Progress","Security","0.98","P2","0.92","KB-SEC-005","Yes","No","security control change","Human review required","No","4"
"INC-00497","2026-08-04","17:12","Procurement","Regional Office","Email & Collaboration","Email & Collaboration","Teams","Teams calls have no audio","Medium","Medium","P3","Collaboration Services","24","14.1","Resolved","Email & Collaboration","0.85","P3","0.9","KB-COLLAB-001","No","Yes","ticket assignment","Approved - simulated","No","3"
"INC-00498","2026-01-09","08:23","IT","Remote","File Services","Network","VPN","VPN connection fails from a remote location","Medium","Low","P4","Network Operations","48","4","In Progress","Network","0.9","P4","0.94","KB-NET-002","No","Yes","ticket assignment","Approved - simulated","No","4"
"INC-00499","2026-02-25","11:38","IT","Site A","Corporate Network","Email & Collaboration","Teams","Teams calls have no audio","Low","Low","P4","Collaboration Services","48","19.5","Resolved","Email & Collaboration","0.9","P4","0.89","KB-COLLAB-001","No","Yes","ticket assignment","Approved - simulated","No","4"
"INC-00500","2026-10-02","09:46","IT","Remote","ERP","Network","Wi-Fi","Wi-Fi disconnects repeatedly in the office","Low","Low","P4","Network Operations","48","18.1","Resolved","Network","0.92","P4","0.88","KB-NET-002","No","Yes","ticket assignment","Approved - simulated","Yes","4"
"INC-00501","2026-09-28","10:30","Finance","Site A","Corporate Network","Hardware","Laptop","Laptop will not start after reboot","High","Medium","P2","End User Computing","8","6.6","Resolved","Hardware","0.92","P2","0.9","KB-HW-001","No","Yes","ticket assignment","Approved - simulated","No","4"
"INC-00502","2026-08-27","14:22","IT","Site A","Endpoint Management","Network","Wi-Fi","Wi-Fi disconnects repeatedly in the office","Low","High","P3","Network Operations","24","12.7","Closed","Network","0.95","P3","0.91","KB-NET-002","No","Yes","ticket assignment","Approved - simulated","No","3"
"INC-00503","2026-05-03","14:54","Finance","Head Office","Corporate Network","Email & Collaboration","Calendar","A calendar meeting disappeared","Medium","Medium","P3","Collaboration Services","24","10.3","Resolved","Email & Collaboration","0.81","P3","0.84","KB-COLLAB-001","No","Yes","ticket assignment","Approved - simulated","No","4"
"INC-00504","2026-06-03","08:14","Project Management","Site A","ERP","Network","Wi-Fi","Wi-Fi disconnects repeatedly in the office","Medium","Medium","P3","Network Operations","24","8.7","In Progress","Network","0.95","P3","0.85","KB-NET-002","No","Yes","ticket assignment","Approved - simulated","No","3"
"INC-00505","2026-04-12","15:23","IT","Site B","Corporate Network","Security","Phishing","User received a suspicious email requesting credentials","High","Medium","P2","Cybersecurity","8","3.9","In Progress","Security","0.81","P2","0.92","KB-SEC-005","Yes","No","security control change","Human review required","No","5"
"INC-00506","2026-08-19","11:26","Procurement","Site A","ERP","Network","Wi-Fi","Wi-Fi disconnects repeatedly in the office","Low","Medium","P4","Network Operations","48","22.6","Closed","Network","0.95","P4","0.89","KB-NET-002","No","Yes","ticket assignment","Approved - simulated","Yes","4"
"INC-00507","2026-05-04","14:54","Operations","Head Office","ERP","Access Management","Account Lockout","My account is locked after several failed attempts","Medium","High","P2","Identity & Access","8","5.9","Closed","Access Management","0.91","P2","0.83","KB-ACCESS-004","No","Yes","account unlock","Approved - simulated","No","3"
"INC-00508","2026-04-13","10:43","Project Management","Regional Office","Virtual Infrastructure","Network","Wi-Fi","Wi-Fi disconnects repeatedly in the office","Medium","High","P2","Network Operations","8","5.3","Closed","Network","0.87","P2","0.91","KB-NET-002","No","Yes","ticket assignment","Approved - simulated","No","3"
"INC-00509","2026-04-09","16:45","Operations","Remote","File Services","Security","Phishing","User received a suspicious email requesting credentials","Medium","Medium","P3","Cybersecurity","24","12.5","Resolved","Security","0.95","P3","0.95","KB-SEC-005","Yes","No","security control change","Human review required","No","3"
"INC-00510","2026-04-02","12:43","Operations","Remote","Service Desk","Access Management","Password Reset","My password expired and I cannot sign in","Medium","Low","P4","Identity & Access","48","25.4","Closed","Access Management","0.8","P4","0.91","KB-ACCESS-004","No","Yes","password reset","Approved - simulated","No","4"
"INC-00511","2026-07-27","12:22","Administration","Regional Office","Virtual Infrastructure","Access Management","Account Lockout","My account is locked after several failed attempts","Medium","Medium","P3","Identity & Access","24","12.2","Resolved","Access Management","0.83","P3","0.9","KB-ACCESS-004","No","Yes","account unlock","Approved - simulated","No","4"
"INC-00512","2026-07-10","18:28","Procurement","Site B","Virtual Infrastructure","Network","VPN","VPN connection fails from a remote location","Medium","Medium","P3","Network Operations","24","15.7","Resolved","Network","0.85","P3","0.82","KB-NET-002","No","Yes","ticket assignment","Approved - simulated","No","5"
"INC-00513","2026-08-13","08:08","Procurement","Head Office","Corporate Network","Software","Installation","User needs an approved software package installed","Low","Low","P4","Application Support","48","27.6","Resolved","Software","0.94","P4","0.89","KB-SW-003","No","Yes","ticket assignment","Approved - simulated","No","4"
"INC-00514","2026-08-17","17:41","Project Management","Site A","Virtual Infrastructure","Software","Application Error","ERP application shows an unexpected error","Medium","Medium","P3","Application Support","24","4.9","Open","Software","0.86","P3","0.94","KB-SW-003","No","Yes","ticket assignment","Approved - simulated","No","4"
"INC-00515","2026-05-28","10:19","Finance","Site B","Service Desk","Email & Collaboration","Mailbox","Outlook is not receiving new messages","Medium","High","P2","Collaboration Services","8","7.1","Closed","Email & Collaboration","0.86","P2","0.91","KB-COLLAB-001","No","Yes","ticket assignment","Approved - simulated","No","5"
"INC-00516","2026-08-14","17:55","Administration","Site A","Active Directory","Email & Collaboration","Teams","Teams calls have no audio","High","High","P1","Collaboration Services","4","2.7","Closed","Email & Collaboration","0.84","P1","0.92","KB-COLLAB-001","Yes","No","ticket assignment","Human review required","No","4"
"INC-00517","2026-08-16","09:28","Procurement","Head Office","Endpoint Management","Hardware","Printer","Department printer is offline","Low","Medium","P4","End User Computing","48","24.9","Closed","Hardware","0.89","P4","0.84","KB-HW-001","No","Yes","ticket assignment","Approved - simulated","No","3"
"INC-00518","2026-03-05","16:36","Procurement","Site B","File Services","Access Management","Permission","Finance users cannot access the shared folder after a permissions change","High","High","P1","Identity & Access","4","3.3","Closed","Access Management","0.88","P1","0.85","KB-ACCESS-004","Yes","No","privileged access change","Human review required","No","4"
"INC-00519","2026-06-24","16:12","Engineering","Remote","Active Directory","Software","Application Error","ERP application shows an unexpected error","Medium","High","P2","Application Support","8","4.4","Closed","Software","0.88","P2","0.86","KB-SW-003","No","Yes","ticket assignment","Approved - simulated","No","4"
"INC-00520","2026-05-18","18:35","Finance","Head Office","Email & Collaboration","Email & Collaboration","Teams","Teams calls have no audio","Medium","Low","P4","Collaboration Services","48","16","Closed","Email & Collaboration","0.83","P4","0.94","KB-COLLAB-001","No","Yes","ticket assignment","Approved - simulated","No","5"
"INC-00521","2026-02-10","09:21","Administration","Remote","ERP","Network","DNS","The business application cannot resolve its service name","Medium","Medium","P3","Network Operations","24","11","Resolved","Network","0.85","P3","0.83","KB-NET-002","No","Yes","ticket assignment","Approved - simulated","No","4"
"INC-00522","2026-03-12","18:35","Administration","Remote","Active Directory","Security","Phishing","User received a suspicious email requesting credentials","Low","Medium","P4","Cybersecurity","48","1.9","In Progress","Security","0.96","P4","0.85","KB-SEC-005","Yes","No","security control change","Human review required","No","4"
"INC-00523","2026-01-06","17:06","Finance","Remote","Email & Collaboration","Access Management","Permission","Finance users cannot access the shared folder after a permissions change","High","Low","P3","Identity & Access","24","17","Closed","Access Management","0.91","P3","0.94","KB-ACCESS-004","Yes","No","privileged access change","Human review required","No","3"
"INC-00524","2026-01-11","16:00","HR","Site A","Corporate Network","Software","Application Error","ERP application shows an unexpected error","Medium","High","P2","Application Support","8","7","Closed","Software","0.97","P2","0.89","KB-SW-003","No","Yes","ticket assignment","Approved - simulated","No","4"
"INC-00525","2026-03-26","11:33","Operations","Site A","Active Directory","Access Management","Permission","Finance users cannot access the shared folder after a permissions change","Low","Low","P4","Identity & Access","48","19.7","Closed","Access Management","0.86","P4","0.86","KB-ACCESS-004","Yes","No","privileged access change","Human review required","No","4"
"INC-00526","2026-02-15","14:22","Finance","Site A","File Services","Hardware","Laptop","Laptop will not start after reboot","High","High","P1","End User Computing","4","4","Closed","Hardware","0.89","P1","0.83","KB-HW-001","Yes","No","ticket assignment","Human review required","No","5"
"INC-00527","2026-04-11","11:47","Operations","Regional Office","ERP","Access Management","Account Lockout","My account is locked after several failed attempts","High","Medium","P2","Identity & Access","8","4.9","Closed","Access Management","0.89","P2","0.85","KB-ACCESS-004","No","Yes","account unlock","Approved - simulated","No","5"
"INC-00528","2026-10-02","12:18","Procurement","Head Office","Service Desk","Network","Wi-Fi","Wi-Fi disconnects repeatedly in the office","Low","Medium","P4","Network Operations","48","11.4","In Progress","Network","0.97","P4","0.97","KB-NET-002","No","Yes","ticket assignment","Approved - simulated","No","4"
"INC-00529","2026-01-12","16:41","Finance","Regional Office","File Services","Software","Application Error","ERP application shows an unexpected error","Low","Low","P4","Application Support","48","5.6","In Progress","Software","0.92","P4","0.9","KB-SW-003","No","Yes","ticket assignment","Approved - simulated","No","4"
"INC-00530","2026-09-10","16:05","Finance","Head Office","Endpoint Management","Server & Infrastructure","Storage","File server storage is nearly full","Low","Low","P4","Infrastructure Operations","48","9","Open","Server & Infrastructure","0.94","P4","0.9","KB-INFRA-006","No","Yes","ticket assignment","Approved - simulated","No","4"
"INC-00531","2026-04-01","18:04","IT","Head Office","Corporate Network","Hardware","Printer","Department printer is offline","Low","Medium","P4","End User Computing","48","18.1","Closed","Hardware","0.93","P4","0.9","KB-HW-001","No","Yes","ticket assignment","Approved - simulated","No","5"
"INC-00532","2026-03-10","18:16","Project Management","Site A","Virtual Infrastructure","Access Management","Permission","Finance users cannot access the shared folder after a permissions change","Low","Medium","P4","Identity & Access","48","3.4","In Progress","Access Management","0.91","P4","0.86","KB-ACCESS-004","Yes","No","privileged access change","Human review required","No","4"
"INC-00533","2026-07-15","16:47","Engineering","Head Office","ERP","Access Management","Password Reset","My password expired and I cannot sign in","High","Medium","P2","Identity & Access","8","3.3","Open","Access Management","0.91","P2","0.83","KB-ACCESS-004","No","Yes","password reset","Approved - simulated","No","4"
"INC-00534","2026-07-11","17:41","Project Management","Head Office","Corporate Network","Server & Infrastructure","Storage","File server storage is nearly full","Low","Medium","P4","Infrastructure Operations","48","10.1","In Progress","Server & Infrastructure","0.86","P4","0.95","KB-INFRA-006","No","Yes","ticket assignment","Approved - simulated","Yes","3"
"INC-00535","2026-07-22","16:41","IT","Head Office","Endpoint Management","Access Management","MFA","MFA code is not being accepted","Low","Medium","P4","Identity & Access","48","8","Open","Access Management","0.9","P4","0.95","KB-ACCESS-004","No","Yes","ticket assignment","Approved - simulated","No","4"
"INC-00536","2026-05-31","09:20","Procurement","Regional Office","Email & Collaboration","Hardware","Laptop","Laptop will not start after reboot","Low","Low","P4","End User Computing","48","1.5","Open","Hardware","0.9","P4","0.94","KB-HW-001","No","Yes","ticket assignment","Approved - simulated","No","4"
"INC-00537","2026-08-29","11:19","HR","Site A","Virtual Infrastructure","Hardware","Peripheral","Monitor and keyboard intermittently disconnect","Low","Medium","P4","End User Computing","48","23.8","Closed","Hardware","0.82","P4","0.95","KB-HW-001","No","Yes","ticket assignment","Approved - simulated","No","5"
"INC-00538","2026-03-06","10:46","Project Management","Remote","File Services","Network","Wi-Fi","Wi-Fi disconnects repeatedly in the office","High","Medium","P2","Network Operations","8","7.1","Closed","Network","0.97","P2","0.84","KB-NET-002","No","Yes","ticket assignment","Approved - simulated","No","5"
"INC-00539","2026-04-02","15:53","Project Management","Regional Office","Service Desk","Network","DNS","The business application cannot resolve its service name","Medium","Medium","P3","Network Operations","24","17.9","Closed","Network","0.92","P3","0.93","KB-NET-002","No","Yes","ticket assignment","Approved - simulated","No","4"
"INC-00540","2026-07-16","16:44","Administration","Site B","Endpoint Management","Hardware","Laptop","Laptop will not start after reboot","Low","High","P3","End User Computing","24","6.7","In Progress","Hardware","0.8","P3","0.9","KB-HW-001","No","Yes","ticket assignment","Approved - simulated","Yes","4"
"INC-00541","2026-09-20","16:08","Procurement","Remote","Service Desk","Server & Infrastructure","Storage","File server storage is nearly full","Medium","Low","P4","Infrastructure Operations","48","1.8","In Progress","Server & Infrastructure","0.82","P4","0.89","KB-INFRA-006","No","Yes","ticket assignment","Approved - simulated","No","4"
"INC-00542","2026-05-15","17:38","Administration","Head Office","ERP","Hardware","Printer","Department printer is offline","Low","Medium","P4","End User Computing","48","9.3","Open","Hardware","0.83","P4","0.91","KB-HW-001","No","Yes","ticket assignment","Approved - simulated","Yes","4"
"INC-00543","2026-07-03","11:47","Engineering","Site B","Corporate Network","Access Management","Password Reset","My password expired and I cannot sign in","High","Medium","P2","Identity & Access","8","7","Closed","Access Management","0.91","P2","0.87","KB-ACCESS-004","No","Yes","password reset","Approved - simulated","No","4"
"INC-00544","2026-09-25","09:09","IT","Site B","Service Desk","Security","Phishing","User received a suspicious email requesting credentials","Low","Low","P4","Cybersecurity","48","16.4","Closed","Security","0.95","P4","0.88","KB-SEC-005","Yes","No","security control change","Human review required","No","4"
"INC-00545","2026-05-26","10:23","HR","Site A","Corporate Network","Network","Wi-Fi","Wi-Fi disconnects repeatedly in the office","Medium","High","P2","Network Operations","8","0.9","Open","Network","0.84","P2","0.83","KB-NET-002","No","Yes","ticket assignment","Approved - simulated","No","4"
"INC-00546","2026-08-10","10:31","HR","Head Office","Corporate Network","Security","Endpoint Protection","Endpoint protection reports malware activity","Medium","High","P2","Cybersecurity","8","6.4","Closed","Security","0.84","P2","0.87","KB-SEC-005","Yes","No","security control change","Human review required","No","3"
"INC-00547","2026-08-25","10:25","Administration","Remote","Corporate Network","Security","Phishing","User received a suspicious email requesting credentials","Low","Medium","P4","Cybersecurity","48","22.4","Resolved","Security","0.9","P4","0.87","KB-SEC-005","Yes","No","security control change","Human review required","No","3"
"INC-00548","2026-01-22","16:39","HR","Regional Office","ERP","Access Management","Permission","Finance users cannot access the shared folder after a permissions change","Low","Medium","P4","Identity & Access","48","17.4","Closed","Access Management","0.81","P4","0.85","KB-ACCESS-004","Yes","No","privileged access change","Human review required","Yes","4"
"INC-00549","2026-06-14","11:25","Administration","Head Office","Active Directory","Network","VPN","VPN connection fails from a remote location","Low","Low","P4","Network Operations","48","24.3","Resolved","Network","0.81","P4","0.95","KB-NET-002","No","Yes","ticket assignment","Approved - simulated","No","4"
"INC-00550","2026-02-11","14:23","Finance","Site A","Corporate Network","Server & Infrastructure","Server Availability","Application server is unavailable","Medium","Low","P4","Infrastructure Operations","48","5.1","In Progress","Server & Infrastructure","0.82","P4","0.89","KB-INFRA-006","Yes","No","production change","Human review required","No","4"
"INC-00551","2026-09-13","15:37","Operations","Head Office","Service Desk","Network","DNS","The business application cannot resolve its service name","High","Medium","P2","Network Operations","8","4.7","Closed","Network","0.94","P2","0.85","KB-NET-002","No","Yes","ticket assignment","Approved - simulated","No","4"
"INC-00552","2026-06-29","09:09","Procurement","Remote","Email & Collaboration","Access Management","Password Reset","My password expired and I cannot sign in","High","Low","P3","Identity & Access","24","10.3","Resolved","Access Management","0.96","P3","0.89","KB-ACCESS-004","No","Yes","password reset","Approved - simulated","No","3"
"INC-00553","2026-09-24","12:22","Finance","Regional Office","Corporate Network","Server & Infrastructure","Backup","Nightly backup job failed","Medium","Medium","P3","Infrastructure Operations","24","17.9","Closed","Server & Infrastructure","0.82","P3","0.87","KB-INFRA-006","No","Yes","ticket assignment","Approved - simulated","No","4"
"INC-00554","2026-08-25","13:04","Operations","Head Office","Active Directory","Email & Collaboration","Teams","Teams calls have no audio","Low","Medium","P4","Collaboration Services","48","26.7","Closed","Email & Collaboration","0.88","P4","0.85","KB-COLLAB-001","No","Yes","ticket assignment","Approved - simulated","No","4"
"INC-00555","2026-06-22","11:47","HR","Regional Office","Endpoint Management","Hardware","Laptop","Laptop will not start after reboot","Medium","High","P2","End User Computing","8","5.5","Closed","Hardware","0.86","P2","0.86","KB-HW-001","No","Yes","ticket assignment","Approved - simulated","No","4"
"INC-00556","2026-01-11","11:27","IT","Site A","Corporate Network","Software","Installation","User needs an approved software package installed","Medium","Medium","P3","Application Support","24","6.6","In Progress","Software","0.83","P3","0.83","KB-SW-003","No","Yes","ticket assignment","Approved - simulated","No","4"
"INC-00557","2026-07-18","15:50","Procurement","Site A","Corporate Network","Hardware","Laptop","Laptop will not start after reboot","Low","Low","P4","End User Computing","48","23.6","Closed","Hardware","0.92","P4","0.9","KB-HW-001","No","Yes","ticket assignment","Approved - simulated","No","4"
"INC-00558","2026-06-11","12:44","Engineering","Head Office","Virtual Infrastructure","Network","VPN","VPN connection fails from a remote location","Low","Low","P4","Network Operations","48","27.4","Closed","Network","0.83","P4","0.96","KB-NET-002","No","Yes","ticket assignment","Approved - simulated","No","4"
"INC-00559","2026-06-26","13:01","IT","Site B","ERP","Server & Infrastructure","Server Availability","Application server is unavailable","Medium","Low","P4","Infrastructure Operations","48","16.4","Closed","Server & Infrastructure","0.93","P4","0.95","KB-INFRA-006","Yes","No","production change","Human review required","No","4"
"INC-00560","2026-08-20","10:06","Engineering","Regional Office","ERP","Server & Infrastructure","Backup","Nightly backup job failed","Medium","Low","P4","Infrastructure Operations","48","22.9","Closed","Server & Infrastructure","0.83","P4","0.95","KB-INFRA-006","No","Yes","ticket assignment","Approved - simulated","No","4"
"INC-00561","2026-02-12","09:22","HR","Regional Office","Active Directory","Email & Collaboration","Teams","Teams calls have no audio","High","High","P1","Collaboration Services","4","3.1","Resolved","Email & Collaboration","0.86","P1","0.85","KB-COLLAB-001","Yes","No","ticket assignment","Human review required","No","4"
"INC-00562","2026-05-30","17:15","Engineering","Site B","Service Desk","Server & Infrastructure","Storage","File server storage is nearly full","Low","Medium","P4","Infrastructure Operations","48","27.9","Closed","Server & Infrastructure","0.82","P4","0.85","KB-INFRA-006","No","Yes","ticket assignment","Approved - simulated","No","4"
"INC-00563","2026-03-11","10:58","Finance","Regional Office","Service Desk","Hardware","Laptop","Laptop will not start after reboot","High","Low","P3","End User Computing","24","12.8","Resolved","Hardware","0.8","P3","0.87","KB-HW-001","No","Yes","ticket assignment","Approved - simulated","No","5"
"INC-00564","2026-06-03","11:46","IT","Site A","Virtual Infrastructure","Server & Infrastructure","Backup","Nightly backup job failed","Medium","High","P2","Infrastructure Operations","8","6.2","Closed","Server & Infrastructure","0.91","P2","0.95","KB-INFRA-006","No","Yes","ticket assignment","Approved - simulated","No","5"
"INC-00565","2026-06-22","11:28","IT","Site A","ERP","Access Management","Account Lockout","My account is locked after several failed attempts","Medium","Medium","P3","Identity & Access","24","11.1","In Progress","Access Management","0.88","P3","0.91","KB-ACCESS-004","No","Yes","account unlock","Approved - simulated","No","5"
"INC-00566","2026-04-12","15:47","Procurement","Site B","Virtual Infrastructure","Software","Application Error","ERP application shows an unexpected error","Medium","Medium","P3","Application Support","24","13.8","Closed","Software","0.95","P3","0.89","KB-SW-003","No","Yes","ticket assignment","Approved - simulated","No","4"
"INC-00567","2026-06-04","16:04","Engineering","Site A","Endpoint Management","Server & Infrastructure","Storage","File server storage is nearly full","Medium","Medium","P3","Infrastructure Operations","24","8.6","Open","Server & Infrastructure","0.93","P3","0.92","KB-INFRA-006","No","Yes","ticket assignment","Approved - simulated","No","4"
"INC-00568","2026-01-22","18:41","Finance","Remote","Virtual Infrastructure","Access Management","Account Lockout","My account is locked after several failed attempts","Low","Medium","P4","Identity & Access","48","11.5","In Progress","Access Management","0.83","P4","0.87","KB-ACCESS-004","No","Yes","account unlock","Approved - simulated","No","5"
"INC-00569","2026-04-13","09:28","Procurement","Head Office","Virtual Infrastructure","Network","VPN","VPN connection fails from a remote location","High","Low","P3","Network Operations","24","15.6","Resolved","Network","0.93","P3","0.84","KB-NET-002","No","Yes","ticket assignment","Approved - simulated","No","4"
"INC-00570","2026-05-17","13:04","HR","Regional Office","Service Desk","Software","Installation","User needs an approved software package installed","Medium","High","P2","Application Support","8","5.2","Closed","Software","0.83","P2","0.95","KB-SW-003","No","Yes","ticket assignment","Approved - simulated","No","5"
"INC-00571","2026-08-08","18:28","Procurement","Head Office","Virtual Infrastructure","Network","Wi-Fi","Wi-Fi disconnects repeatedly in the office","Medium","Low","P4","Network Operations","48","19.1","Resolved","Network","0.96","P4","0.89","KB-NET-002","No","Yes","ticket assignment","Approved - simulated","Yes","5"
"INC-00572","2026-05-13","11:53","Procurement","Site A","Service Desk","Network","VPN","VPN connection fails from a remote location","Low","Medium","P4","Network Operations","48","26.6","Closed","Network","0.87","P4","0.97","KB-NET-002","No","Yes","ticket assignment","Approved - simulated","No","4"
"INC-00573","2026-07-11","18:14","Engineering","Remote","Email & Collaboration","Hardware","Peripheral","Monitor and keyboard intermittently disconnect","Medium","High","P2","End User Computing","8","4.5","Resolved","Hardware","0.84","P2","0.9","KB-HW-001","No","Yes","ticket assignment","Approved - simulated","No","4"
"INC-00574","2026-05-16","17:18","Finance","Site B","Virtual Infrastructure","Network","DNS","The business application cannot resolve its service name","Low","Low","P4","Network Operations","48","3.9","In Progress","Network","0.95","P4","0.9","KB-NET-002","No","Yes","ticket assignment","Approved - simulated","No","4"
"INC-00575","2026-01-21","14:41","IT","Site A","Service Desk","Email & Collaboration","Teams","Teams calls have no audio","Low","Low","P4","Collaboration Services","48","10.4","In Progress","Email & Collaboration","0.82","P4","0.86","KB-COLLAB-001","No","Yes","ticket assignment","Approved - simulated","No","4"
"INC-00576","2026-06-16","12:46","Project Management","Site B","ERP","Security","Endpoint Protection","Endpoint protection reports malware activity","Low","Medium","P4","Cybersecurity","48","26.4","Resolved","Security","0.92","P4","0.87","KB-SEC-005","Yes","No","security control change","Human review required","No","4"
"INC-00577","2026-05-11","13:37","Project Management","Site A","Active Directory","Hardware","Laptop","Laptop will not start after reboot","Medium","Medium","P3","End User Computing","24","17.7","Closed","Hardware","0.97","P3","0.94","KB-HW-001","No","Yes","ticket assignment","Approved - simulated","No","4"
"INC-00578","2026-08-25","10:41","Operations","Head Office","File Services","Access Management","Password Reset","My password expired and I cannot sign in","Low","Medium","P4","Identity & Access","48","21.8","Closed","Access Management","0.91","P4","0.92","KB-ACCESS-004","No","Yes","password reset","Approved - simulated","No","3"
"INC-00579","2026-08-03","09:51","HR","Head Office","Virtual Infrastructure","Software","Application Error","ERP application shows an unexpected error","Low","Medium","P4","Application Support","48","0.6","In Progress","Software","0.88","P4","0.91","KB-SW-003","No","Yes","ticket assignment","Approved - simulated","No","4"
"INC-00580","2026-09-13","18:16","Operations","Site B","Virtual Infrastructure","Software","Installation","User needs an approved software package installed","Medium","Medium","P3","Application Support","24","5.4","In Progress","Software","0.98","P3","0.91","KB-SW-003","No","Yes","ticket assignment","Approved - simulated","No","3"
"INC-00581","2026-08-14","13:21","Operations","Head Office","Endpoint Management","Email & Collaboration","Teams","Teams calls have no audio","High","Medium","P2","Collaboration Services","8","5.8","Closed","Email & Collaboration","0.94","P2","0.91","KB-COLLAB-001","No","Yes","ticket assignment","Approved - simulated","No","5"
"INC-00582","2026-02-27","13:10","Project Management","Remote","File Services","Server & Infrastructure","Storage","File server storage is nearly full","High","Low","P3","Infrastructure Operations","24","10.4","Resolved","Server & Infrastructure","0.84","P3","0.89","KB-INFRA-006","No","Yes","ticket assignment","Approved - simulated","No","4"
"INC-00583","2026-03-11","09:25","Project Management","Head Office","Email & Collaboration","Software","Installation","User needs an approved software package installed","Low","Medium","P4","Application Support","48","22.1","Closed","Software","0.9","P4","0.93","KB-SW-003","No","Yes","ticket assignment","Approved - simulated","No","4"
"INC-00584","2026-07-31","09:21","Engineering","Remote","File Services","Network","DNS","The business application cannot resolve its service name","Low","Medium","P4","Network Operations","48","16.3","Closed","Network","0.83","P4","0.83","KB-NET-002","No","Yes","ticket assignment","Approved - simulated","No","4"
"INC-00585","2026-07-09","08:00","IT","Head Office","Service Desk","Access Management","Account Lockout","My account is locked after several failed attempts","Low","Low","P4","Identity & Access","48","4.9","In Progress","Access Management","0.87","P4","0.86","KB-ACCESS-004","No","Yes","account unlock","Approved - simulated","No","4"
"INC-00586","2026-03-13","13:15","Finance","Site A","ERP","Hardware","Peripheral","Monitor and keyboard intermittently disconnect","Medium","Medium","P3","End User Computing","24","13","Closed","Hardware","0.88","P3","0.84","KB-HW-001","No","Yes","ticket assignment","Approved - simulated","No","5"
"INC-00587","2026-02-04","16:15","Administration","Remote","File Services","Network","VPN","VPN connection fails from a remote location","High","Low","P3","Network Operations","24","15.4","Closed","Network","0.96","P3","0.83","KB-NET-002","No","Yes","ticket assignment","Approved - simulated","No","3"
"INC-00588","2026-07-14","10:56","Finance","Site B","Virtual Infrastructure","Access Management","MFA","MFA code is not being accepted","High","Low","P3","Identity & Access","24","14.6","Closed","Access Management","0.9","P3","0.91","KB-ACCESS-004","No","Yes","ticket assignment","Approved - simulated","No","3"
"INC-00589","2026-09-12","12:51","IT","Site B","Corporate Network","Hardware","Laptop","Laptop will not start after reboot","Medium","Low","P4","End User Computing","48","16","Resolved","Hardware","0.97","P4","0.96","KB-HW-001","No","Yes","ticket assignment","Approved - simulated","No","4"
"INC-00590","2026-07-07","15:33","Engineering","Site B","Active Directory","Server & Infrastructure","Server Availability","Application server is unavailable","Medium","Medium","P3","Infrastructure Operations","24","13.6","Closed","Server & Infrastructure","0.88","P3","0.91","KB-INFRA-006","Yes","No","production change","Human review required","No","5"
"INC-00591","2026-05-23","08:02","Operations","Remote","Email & Collaboration","Hardware","Laptop","Laptop will not start after reboot","Low","High","P3","End User Computing","24","12.8","Resolved","Hardware","0.85","P3","0.84","KB-HW-001","No","Yes","ticket assignment","Approved - simulated","No","4"
"INC-00592","2026-02-08","09:48","Procurement","Site A","File Services","Security","Endpoint Protection","Endpoint protection reports malware activity","Medium","Medium","P3","Cybersecurity","24","10.1","Closed","Security","0.82","P3","0.88","KB-SEC-005","Yes","No","security control change","Human review required","No","3"
"INC-00593","2026-03-20","11:09","Operations","Regional Office","Email & Collaboration","Access Management","Permission","Finance users cannot access the shared folder after a permissions change","Medium","High","P2","Identity & Access","8","6.8","Closed","Access Management","0.85","P2","0.89","KB-ACCESS-004","Yes","No","privileged access change","Human review required","No","4"
"INC-00594","2026-03-10","16:40","HR","Site B","Email & Collaboration","Software","Application Error","ERP application shows an unexpected error","Medium","Medium","P3","Application Support","24","17.8","Closed","Software","0.97","P3","0.83","KB-SW-003","No","Yes","ticket assignment","Approved - simulated","No","4"
"INC-00595","2026-03-07","18:06","Operations","Site B","File Services","Hardware","Peripheral","Monitor and keyboard intermittently disconnect","Medium","Low","P4","End User Computing","48","28.2","Resolved","Hardware","0.98","P4","0.91","KB-HW-001","No","Yes","ticket assignment","Approved - simulated","No","4"
"INC-00596","2026-07-26","12:49","Finance","Site A","ERP","Access Management","Account Lockout","My account is locked after several failed attempts","Medium","Medium","P3","Identity & Access","24","11.6","Closed","Access Management","0.96","P3","0.91","KB-ACCESS-004","No","Yes","account unlock","Approved - simulated","No","3"
"INC-00597","2026-02-10","11:42","IT","Regional Office","Email & Collaboration","Network","Wi-Fi","Wi-Fi disconnects repeatedly in the office","High","Medium","P2","Network Operations","8","5.7","Closed","Network","0.9","P2","0.85","KB-NET-002","No","Yes","ticket assignment","Approved - simulated","No","4"
"INC-00598","2026-07-24","11:07","Administration","Head Office","Active Directory","Server & Infrastructure","Backup","Nightly backup job failed","Medium","Medium","P3","Infrastructure Operations","24","3.1","Open","Server & Infrastructure","0.9","P3","0.94","KB-INFRA-006","No","Yes","ticket assignment","Approved - simulated","No","3"
"INC-00599","2026-05-12","09:50","Finance","Remote","Endpoint Management","Access Management","MFA","MFA code is not being accepted","Medium","Low","P4","Identity & Access","48","26.2","Closed","Access Management","0.8","P4","0.83","KB-ACCESS-004","No","Yes","ticket assignment","Approved - simulated","No","4"
"INC-00600","2026-04-09","11:56","Procurement","Head Office","Email & Collaboration","Hardware","Peripheral","Monitor and keyboard intermittently disconnect","Low","Low","P4","End User Computing","48","20.2","Closed","Hardware","0.97","P4","0.9","KB-HW-001","No","Yes","ticket assignment","Approved - simulated","No","4"
"INC-00601","2026-07-14","14:49","IT","Remote","Active Directory","Software","Application Error","ERP application shows an unexpected error","High","Medium","P2","Application Support","8","5.1","Closed","Software","0.94","P2","0.86","KB-SW-003","No","Yes","ticket assignment","Approved - simulated","No","4"
"INC-00602","2026-01-24","16:36","Engineering","Remote","File Services","Security","Phishing","User received a suspicious email requesting credentials","Low","High","P3","Cybersecurity","24","11","Closed","Security","0.81","P3","0.88","KB-SEC-005","Yes","No","security control change","Human review required","Yes","5"
"INC-00603","2026-09-24","15:28","IT","Site A","Email & Collaboration","Security","Endpoint Protection","Endpoint protection reports malware activity","Medium","Medium","P3","Cybersecurity","24","16.8","Closed","Security","0.89","P3","0.85","KB-SEC-005","Yes","No","security control change","Human review required","Yes","4"
"INC-00604","2026-06-12","11:05","Project Management","Site B","Active Directory","Access Management","MFA","MFA code is not being accepted","Medium","High","P2","Identity & Access","8","4.9","Closed","Access Management","0.95","P2","0.93","KB-ACCESS-004","No","Yes","ticket assignment","Approved - simulated","No","5"
"INC-00605","2026-06-16","09:02","Finance","Head Office","File Services","Access Management","Permission","Finance users cannot access the shared folder after a permissions change","Medium","Medium","P3","Identity & Access","24","10.4","Closed","Access Management","0.93","P3","0.97","KB-ACCESS-004","Yes","No","privileged access change","Human review required","No","4"
"INC-00606","2026-08-08","10:29","Procurement","Site A","File Services","Hardware","Laptop","Laptop will not start after reboot","Medium","Medium","P3","End User Computing","24","11.9","Resolved","Hardware","0.93","P3","0.92","KB-HW-001","No","Yes","ticket assignment","Approved - simulated","No","4"
"INC-00607","2026-09-02","09:49","Finance","Site A","File Services","Email & Collaboration","Calendar","A calendar meeting disappeared","Low","Medium","P4","Collaboration Services","48","21.2","Closed","Email & Collaboration","0.83","P4","0.95","KB-COLLAB-001","No","Yes","ticket assignment","Approved - simulated","No","5"
"INC-00608","2026-08-02","13:57","Finance","Regional Office","File Services","Hardware","Laptop","Laptop will not start after reboot","High","Medium","P2","End User Computing","8","6.6","Closed","Hardware","0.93","P2","0.93","KB-HW-001","No","Yes","ticket assignment","Approved - simulated","No","4"
"INC-00609","2026-09-15","16:26","Procurement","Head Office","Endpoint Management","Access Management","Password Reset","My password expired and I cannot sign in","High","High","P1","Identity & Access","4","5.5","In Progress","Access Management","0.97","P1","0.83","KB-ACCESS-004","Yes","No","password reset","Human review required","No","5"
"INC-00610","2026-08-28","15:04","IT","Head Office","Active Directory","Software","Installation","User needs an approved software package installed","Low","Low","P4","Application Support","48","17.9","Resolved","Software","0.97","P4","0.83","KB-SW-003","No","Yes","ticket assignment","Approved - simulated","No","4"
"INC-00611","2026-06-09","14:58","Administration","Remote","File Services","Hardware","Laptop","Laptop will not start after reboot","Medium","Medium","P3","End User Computing","24","1.7","In Progress","Hardware","0.86","P3","0.91","KB-HW-001","No","Yes","ticket assignment","Approved - simulated","No","3"
"INC-00612","2026-10-07","16:20","Procurement","Regional Office","Endpoint Management","Software","Installation","User needs an approved software package installed","Medium","Medium","P3","Application Support","24","11.7","In Progress","Software","0.82","P3","0.84","KB-SW-003","No","Yes","ticket assignment","Approved - simulated","No","3"
"INC-00613","2026-09-10","10:20","Procurement","Site B","Service Desk","Security","Phishing","User received a suspicious email requesting credentials","High","Low","P3","Cybersecurity","24","12.1","Resolved","Security","0.91","P3","0.85","KB-SEC-005","Yes","No","security control change","Human review required","No","3"
"INC-00614","2026-05-01","17:37","Finance","Remote","Service Desk","Email & Collaboration","Mailbox","Outlook is not receiving new messages","Low","High","P3","Collaboration Services","24","12.5","Resolved","Email & Collaboration","0.88","P3","0.91","KB-COLLAB-001","No","Yes","ticket assignment","Approved - simulated","No","4"
"INC-00615","2026-03-20","17:24","HR","Site B","Active Directory","Email & Collaboration","Mailbox","Outlook is not receiving new messages","Medium","Low","P4","Collaboration Services","48","15.5","Closed","Email & Collaboration","0.82","P4","0.93","KB-COLLAB-001","No","Yes","ticket assignment","Approved - simulated","No","4"
"INC-00616","2026-06-29","17:06","Finance","Head Office","Corporate Network","Access Management","Password Reset","My password expired and I cannot sign in","High","Medium","P2","Identity & Access","8","5.7","Closed","Access Management","0.9","P2","0.96","KB-ACCESS-004","No","Yes","password reset","Approved - simulated","No","4"
"INC-00617","2026-05-22","10:39","HR","Regional Office","Service Desk","Hardware","Laptop","Laptop will not start after reboot","Medium","Low","P4","End User Computing","48","20.6","Resolved","Hardware","0.85","P4","0.93","KB-HW-001","No","Yes","ticket assignment","Approved - simulated","No","4"
"INC-00618","2026-01-06","12:44","Engineering","Site A","Corporate Network","Hardware","Laptop","Laptop will not start after reboot","Medium","Medium","P3","End User Computing","24","18","Closed","Hardware","0.85","P3","0.87","KB-HW-001","No","Yes","ticket assignment","Approved - simulated","No","3"
"INC-00619","2026-02-17","12:07","HR","Remote","ERP","Access Management","MFA","MFA code is not being accepted","Medium","Medium","P3","Identity & Access","24","12.7","Resolved","Access Management","0.85","P3","0.9","KB-ACCESS-004","No","Yes","ticket assignment","Approved - simulated","No","4"
"INC-00620","2026-01-10","10:23","Procurement","Regional Office","ERP","Server & Infrastructure","Storage","File server storage is nearly full","Medium","Medium","P3","Infrastructure Operations","24","11.7","Closed","Server & Infrastructure","0.88","P3","0.92","KB-INFRA-006","No","Yes","ticket assignment","Approved - simulated","No","4"
"INC-00621","2026-01-16","13:29","IT","Head Office","ERP","Server & Infrastructure","Storage","File server storage is nearly full","Medium","Medium","P3","Infrastructure Operations","24","17.4","Closed","Server & Infrastructure","0.91","P3","0.96","KB-INFRA-006","No","Yes","ticket assignment","Approved - simulated","No","4"
"INC-00622","2026-02-25","18:22","Finance","Head Office","Corporate Network","Email & Collaboration","Mailbox","Outlook is not receiving new messages","Medium","Medium","P3","Collaboration Services","24","10.3","Closed","Email & Collaboration","0.84","P3","0.9","KB-COLLAB-001","No","Yes","ticket assignment","Approved - simulated","No","4"
"INC-00623","2026-01-13","13:19","Finance","Site B","Virtual Infrastructure","Hardware","Printer","Department printer is offline","High","Medium","P2","End User Computing","8","6.8","Resolved","Hardware","0.92","P2","0.89","KB-HW-001","No","Yes","ticket assignment","Approved - simulated","No","5"
"INC-00624","2026-03-07","13:18","IT","Site A","Endpoint Management","Server & Infrastructure","Server Availability","Application server is unavailable","High","Medium","P2","Infrastructure Operations","8","6.4","Closed","Server & Infrastructure","0.85","P2","0.88","KB-INFRA-006","Yes","No","production change","Human review required","No","3"
"INC-00625","2026-06-19","08:42","Project Management","Regional Office","Endpoint Management","Email & Collaboration","Teams","Teams calls have no audio","Medium","Low","P4","Collaboration Services","48","19.2","Resolved","Email & Collaboration","0.8","P4","0.88","KB-COLLAB-001","No","Yes","ticket assignment","Approved - simulated","No","4"
"INC-00626","2026-06-15","12:54","Engineering","Site A","Email & Collaboration","Network","Wi-Fi","Wi-Fi disconnects repeatedly in the office","Low","High","P3","Network Operations","24","14.8","Resolved","Network","0.89","P3","0.83","KB-NET-002","No","Yes","ticket assignment","Approved - simulated","No","5"
"INC-00627","2026-01-11","18:51","Project Management","Site B","Corporate Network","Access Management","Account Lockout","My account is locked after several failed attempts","High","Medium","P2","Identity & Access","8","7.8","Resolved","Access Management","0.93","P2","0.92","KB-ACCESS-004","No","Yes","account unlock","Approved - simulated","Yes","3"
"INC-00628","2026-07-24","15:12","IT","Site A","Service Desk","Server & Infrastructure","Storage","File server storage is nearly full","Low","High","P3","Infrastructure Operations","24","16.8","Resolved","Server & Infrastructure","0.92","P3","0.96","KB-INFRA-006","No","Yes","ticket assignment","Approved - simulated","No","4"
"INC-00629","2026-05-30","09:30","Procurement","Site A","File Services","Hardware","Printer","Department printer is offline","High","Medium","P2","End User Computing","8","7","Resolved","Hardware","0.84","P2","0.93","KB-HW-001","No","Yes","ticket assignment","Approved - simulated","Yes","4"
"INC-00630","2026-03-15","17:39","Procurement","Head Office","Active Directory","Server & Infrastructure","Server Availability","Application server is unavailable","Medium","High","P2","Infrastructure Operations","8","5.1","Resolved","Server & Infrastructure","0.88","P2","0.85","KB-INFRA-006","Yes","No","production change","Human review required","No","4"
"INC-00631","2026-04-03","18:14","HR","Regional Office","Active Directory","Access Management","MFA","MFA code is not being accepted","Low","Medium","P4","Identity & Access","48","6.1","In Progress","Access Management","0.96","P4","0.91","KB-ACCESS-004","No","Yes","ticket assignment","Approved - simulated","No","3"
"INC-00632","2026-06-03","09:24","HR","Site B","Email & Collaboration","Access Management","Permission","Finance users cannot access the shared folder after a permissions change","High","Low","P3","Identity & Access","24","11.4","Resolved","Access Management","0.84","P3","0.9","KB-ACCESS-004","Yes","No","privileged access change","Human review required","Yes","4"
"INC-00633","2026-05-29","11:20","Project Management","Remote","Active Directory","Hardware","Printer","Department printer is offline","Medium","Low","P4","End User Computing","48","18.7","Closed","Hardware","0.88","P4","0.96","KB-HW-001","No","Yes","ticket assignment","Approved - simulated","No","4"
"INC-00634","2026-05-20","09:44","HR","Regional Office","Active Directory","Access Management","Permission","Finance users cannot access the shared folder after a permissions change","Medium","Medium","P3","Identity & Access","24","10.3","Closed","Access Management","0.85","P3","0.85","KB-ACCESS-004","Yes","No","privileged access change","Human review required","No","4"
"INC-00635","2026-03-05","09:04","Procurement","Site B","Email & Collaboration","Access Management","Account Lockout","My account is locked after several failed attempts","Medium","Medium","P3","Identity & Access","24","12.5","Resolved","Access Management","0.86","P3","0.95","KB-ACCESS-004","No","Yes","account unlock","Approved - simulated","No","5"
"INC-00636","2026-10-05","17:55","Administration","Head Office","Corporate Network","Email & Collaboration","Teams","Teams calls have no audio","Medium","Low","P4","Collaboration Services","48","17.2","Resolved","Email & Collaboration","0.86","P4","0.85","KB-COLLAB-001","No","Yes","ticket assignment","Approved - simulated","No","3"
"INC-00637","2026-10-04","11:45","IT","Head Office","Email & Collaboration","Network","DNS","The business application cannot resolve its service name","Low","High","P3","Network Operations","24","7.1","Open","Network","0.96","P3","0.88","KB-NET-002","No","Yes","ticket assignment","Approved - simulated","No","4"
"INC-00638","2026-06-23","14:08","Administration","Remote","Virtual Infrastructure","Email & Collaboration","Calendar","A calendar meeting disappeared","Medium","Low","P4","Collaboration Services","48","21.1","Closed","Email & Collaboration","0.97","P4","0.93","KB-COLLAB-001","No","Yes","ticket assignment","Approved - simulated","No","4"
"INC-00639","2026-04-26","13:36","Project Management","Regional Office","Virtual Infrastructure","Software","Installation","User needs an approved software package installed","Low","Low","P4","Application Support","48","10.8","Open","Software","0.87","P4","0.96","KB-SW-003","No","Yes","ticket assignment","Approved - simulated","No","3"
"INC-00640","2026-01-05","11:41","Project Management","Site B","Service Desk","Security","Phishing","User received a suspicious email requesting credentials","Medium","Medium","P3","Cybersecurity","24","15.6","Closed","Security","0.94","P3","0.88","KB-SEC-005","Yes","No","security control change","Human review required","No","4"
"INC-00641","2026-04-07","09:05","HR","Regional Office","Service Desk","Server & Infrastructure","Backup","Nightly backup job failed","High","Low","P3","Infrastructure Operations","24","16.3","Closed","Server & Infrastructure","0.9","P3","0.82","KB-INFRA-006","No","Yes","ticket assignment","Approved - simulated","Yes","4"
"INC-00642","2026-01-01","11:44","Finance","Site B","Active Directory","Email & Collaboration","Mailbox","Outlook is not receiving new messages","Medium","Medium","P3","Collaboration Services","24","17.4","Closed","Email & Collaboration","0.97","P3","0.9","KB-COLLAB-001","No","Yes","ticket assignment","Approved - simulated","No","4"
"INC-00643","2026-06-17","11:09","Engineering","Regional Office","Virtual Infrastructure","Email & Collaboration","Mailbox","Outlook is not receiving new messages","Medium","Low","P4","Collaboration Services","48","25.9","Resolved","Email & Collaboration","0.89","P4","0.88","KB-COLLAB-001","No","Yes","ticket assignment","Approved - simulated","No","3"
"INC-00644","2026-06-23","14:16","Procurement","Site B","ERP","Email & Collaboration","Mailbox","Outlook is not receiving new messages","Medium","High","P2","Collaboration Services","8","11.8","In Progress","Email & Collaboration","0.9","P2","0.87","KB-COLLAB-001","No","Yes","ticket assignment","Approved - simulated","No","4"
"INC-00645","2026-06-03","10:22","Engineering","Remote","Service Desk","Software","Application Error","ERP application shows an unexpected error","High","Low","P3","Application Support","24","15.5","Closed","Software","0.95","P3","0.92","KB-SW-003","No","Yes","ticket assignment","Approved - simulated","No","4"
"INC-00646","2026-07-29","14:28","Engineering","Regional Office","Email & Collaboration","Network","Wi-Fi","Wi-Fi disconnects repeatedly in the office","High","High","P1","Network Operations","4","2.7","Closed","Network","0.84","P1","0.84","KB-NET-002","Yes","No","ticket assignment","Human review required","No","4"
"INC-00647","2026-02-12","08:19","Finance","Site B","File Services","Network","Wi-Fi","Wi-Fi disconnects repeatedly in the office","High","Medium","P2","Network Operations","8","6.9","Closed","Network","0.98","P2","0.91","KB-NET-002","No","Yes","ticket assignment","Approved - simulated","No","3"
"INC-00648","2026-04-18","10:47","HR","Remote","Service Desk","Hardware","Printer","Department printer is offline","Low","Medium","P4","End User Computing","48","26.3","Closed","Hardware","0.8","P4","0.87","KB-HW-001","No","Yes","ticket assignment","Approved - simulated","No","4"
"INC-00649","2026-09-06","12:47","HR","Head Office","Corporate Network","Security","Endpoint Protection","Endpoint protection reports malware activity","Medium","High","P2","Cybersecurity","8","7.7","Resolved","Security","0.83","P2","0.94","KB-SEC-005","Yes","No","security control change","Human review required","No","4"
"INC-00650","2026-03-13","17:41","Finance","Regional Office","Active Directory","Email & Collaboration","Teams","Teams calls have no audio","Medium","Medium","P3","Collaboration Services","24","13.7","Resolved","Email & Collaboration","0.93","P3","0.92","KB-COLLAB-001","No","Yes","ticket assignment","Approved - simulated","No","4"
"INC-00651","2026-10-07","08:38","Finance","Remote","Active Directory","Software","Installation","User needs an approved software package installed","Low","Medium","P4","Application Support","48","23.6","Closed","Software","0.8","P4","0.95","KB-SW-003","No","Yes","ticket assignment","Approved - simulated","No","3"
"INC-00652","2026-08-17","09:37","Engineering","Site A","ERP","Security","Phishing","User received a suspicious email requesting credentials","Low","High","P3","Cybersecurity","24","15.1","Resolved","Security","0.82","P3","0.85","KB-SEC-005","Yes","No","security control change","Human review required","No","5"
"INC-00653","2026-08-03","17:25","Procurement","Regional Office","Active Directory","Network","VPN","VPN connection fails from a remote location","High","Low","P3","Network Operations","24","6.9","In Progress","Network","0.86","P3","0.92","KB-NET-002","No","Yes","ticket assignment","Approved - simulated","No","4"
"INC-00654","2026-03-22","11:59","Engineering","Regional Office","Service Desk","Email & Collaboration","Mailbox","Outlook is not receiving new messages","Medium","High","P2","Collaboration Services","8","5.3","Closed","Email & Collaboration","0.93","P2","0.84","KB-COLLAB-001","No","Yes","ticket assignment","Approved - simulated","Yes","3"
"INC-00655","2026-10-02","14:41","Administration","Site A","ERP","Server & Infrastructure","Backup","Nightly backup job failed","Medium","Medium","P3","Infrastructure Operations","24","13.8","Closed","Server & Infrastructure","0.94","P3","0.84","KB-INFRA-006","No","Yes","ticket assignment","Approved - simulated","No","4"
"INC-00656","2026-05-02","18:37","HR","Remote","Endpoint Management","Access Management","Account Lockout","My account is locked after several failed attempts","Low","Low","P4","Identity & Access","48","24.4","Closed","Access Management","0.97","P4","0.93","KB-ACCESS-004","No","Yes","account unlock","Approved - simulated","No","5"
"INC-00657","2026-04-21","10:28","Engineering","Site B","Active Directory","Network","DNS","The business application cannot resolve its service name","High","Medium","P2","Network Operations","8","4.5","Closed","Network","0.92","P2","0.92","KB-NET-002","No","Yes","ticket assignment","Approved - simulated","No","4"
"INC-00658","2026-09-10","15:08","HR","Regional Office","Service Desk","Network","VPN","VPN connection fails from a remote location","Low","High","P3","Network Operations","24","9.9","In Progress","Network","0.9","P3","0.96","KB-NET-002","No","Yes","ticket assignment","Approved - simulated","No","5"
"INC-00659","2026-06-11","14:52","IT","Site A","File Services","Hardware","Laptop","Laptop will not start after reboot","High","Medium","P2","End User Computing","8","6.3","Closed","Hardware","0.98","P2","0.96","KB-HW-001","No","Yes","ticket assignment","Approved - simulated","No","4"
"INC-00660","2026-06-27","17:27","IT","Site B","Virtual Infrastructure","Email & Collaboration","Calendar","A calendar meeting disappeared","Medium","Medium","P3","Collaboration Services","24","12.9","Resolved","Email & Collaboration","0.95","P3","0.89","KB-COLLAB-001","No","Yes","ticket assignment","Approved - simulated","No","5"
"INC-00661","2026-06-18","12:55","Project Management","Remote","Email & Collaboration","Hardware","Peripheral","Monitor and keyboard intermittently disconnect","Medium","Low","P4","End User Computing","48","5.4","Open","Hardware","0.81","P4","0.86","KB-HW-001","No","Yes","ticket assignment","Approved - simulated","No","5"
"INC-00662","2026-07-30","14:56","Operations","Site A","ERP","Hardware","Printer","Department printer is offline","Medium","Medium","P3","End User Computing","24","15.9","Closed","Hardware","0.9","P3","0.96","KB-HW-001","No","Yes","ticket assignment","Approved - simulated","No","5"
"INC-00663","2026-04-14","10:52","Procurement","Site A","Active Directory","Server & Infrastructure","Backup","Nightly backup job failed","Medium","High","P2","Infrastructure Operations","8","4.9","Closed","Server & Infrastructure","0.86","P2","0.93","KB-INFRA-006","No","Yes","ticket assignment","Approved - simulated","No","4"
"INC-00664","2026-03-16","12:55","Procurement","Regional Office","Email & Collaboration","Email & Collaboration","Teams","Teams calls have no audio","High","Low","P3","Collaboration Services","24","14.4","Resolved","Email & Collaboration","0.89","P3","0.89","KB-COLLAB-001","No","Yes","ticket assignment","Approved - simulated","No","5"
"INC-00665","2026-07-22","13:30","Engineering","Remote","File Services","Access Management","Password Reset","My password expired and I cannot sign in","Medium","Low","P4","Identity & Access","48","25.1","Closed","Access Management","0.96","P4","0.9","KB-ACCESS-004","No","Yes","password reset","Approved - simulated","No","4"
"INC-00666","2026-06-27","15:32","Project Management","Site A","Active Directory","Server & Infrastructure","Backup","Nightly backup job failed","High","High","P1","Infrastructure Operations","4","1","In Progress","Server & Infrastructure","0.93","P1","0.97","KB-INFRA-006","Yes","No","ticket assignment","Human review required","No","5"
"INC-00667","2026-04-16","11:59","Finance","Head Office","File Services","Access Management","MFA","MFA code is not being accepted","Medium","Medium","P3","Identity & Access","24","12.5","Closed","Access Management","0.93","P3","0.84","KB-ACCESS-004","No","Yes","ticket assignment","Approved - simulated","No","3"
"INC-00668","2026-01-12","14:07","Administration","Remote","Service Desk","Software","Installation","User needs an approved software package installed","Medium","High","P2","Application Support","8","4.4","Resolved","Software","0.88","P2","0.94","KB-SW-003","No","Yes","ticket assignment","Approved - simulated","No","5"
"INC-00669","2026-09-15","15:19","Operations","Site B","Active Directory","Access Management","Password Reset","My password expired and I cannot sign in","High","High","P1","Identity & Access","4","4.2","Resolved","Access Management","0.93","P1","0.89","KB-ACCESS-004","Yes","No","password reset","Human review required","No","4"
"INC-00670","2026-05-11","08:28","Finance","Regional Office","File Services","Network","Wi-Fi","Wi-Fi disconnects repeatedly in the office","Low","Medium","P4","Network Operations","48","18.9","Closed","Network","0.97","P4","0.86","KB-NET-002","No","Yes","ticket assignment","Approved - simulated","No","4"
"INC-00671","2026-07-18","14:22","Operations","Remote","Virtual Infrastructure","Access Management","Account Lockout","My account is locked after several failed attempts","High","Low","P3","Identity & Access","24","10","In Progress","Access Management","0.87","P3","0.87","KB-ACCESS-004","No","Yes","account unlock","Approved - simulated","No","4"
"INC-00672","2026-09-06","17:11","Operations","Site A","Endpoint Management","Email & Collaboration","Mailbox","Outlook is not receiving new messages","Low","Medium","P4","Collaboration Services","48","19.2","Closed","Email & Collaboration","0.94","P4","0.83","KB-COLLAB-001","No","Yes","ticket assignment","Approved - simulated","No","4"
"INC-00673","2026-09-27","17:37","Procurement","Site A","Service Desk","Email & Collaboration","Calendar","A calendar meeting disappeared","Medium","Medium","P3","Collaboration Services","24","16.3","Closed","Email & Collaboration","0.87","P3","0.85","KB-COLLAB-001","No","Yes","ticket assignment","Approved - simulated","No","4"
"INC-00674","2026-04-09","12:58","Finance","Site B","Endpoint Management","Access Management","Password Reset","My password expired and I cannot sign in","High","High","P1","Identity & Access","4","3.5","Closed","Access Management","0.97","P1","0.84","KB-ACCESS-004","Yes","No","password reset","Human review required","Yes","4"
"INC-00675","2026-02-21","08:11","Administration","Site B","Endpoint Management","Hardware","Printer","Department printer is offline","High","High","P1","End User Computing","4","3.2","Closed","Hardware","0.83","P1","0.88","KB-HW-001","Yes","No","ticket assignment","Human review required","No","5"
"INC-00676","2026-04-09","15:10","Administration","Site A","Virtual Infrastructure","Server & Infrastructure","Backup","Nightly backup job failed","Low","Low","P4","Infrastructure Operations","48","23.5","Closed","Server & Infrastructure","0.84","P4","0.89","KB-INFRA-006","No","Yes","ticket assignment","Approved - simulated","No","4"
"INC-00677","2026-04-03","17:09","Operations","Head Office","Email & Collaboration","Security","Phishing","User received a suspicious email requesting credentials","Low","Medium","P4","Cybersecurity","48","20.8","Closed","Security","0.93","P4","0.85","KB-SEC-005","Yes","No","security control change","Human review required","No","3"
"INC-00678","2026-09-18","10:19","Operations","Regional Office","ERP","Email & Collaboration","Mailbox","Outlook is not receiving new messages","Low","Medium","P4","Collaboration Services","48","26.1","Resolved","Email & Collaboration","0.89","P4","0.86","KB-COLLAB-001","No","Yes","ticket assignment","Approved - simulated","No","3"
"INC-00679","2026-02-24","16:48","IT","Regional Office","Corporate Network","Access Management","Permission","Finance users cannot access the shared folder after a permissions change","High","Medium","P2","Identity & Access","8","6.5","In Progress","Access Management","0.91","P2","0.96","KB-ACCESS-004","Yes","No","privileged access change","Human review required","No","5"
"INC-00680","2026-08-04","18:42","HR","Remote","Email & Collaboration","Access Management","MFA","MFA code is not being accepted","High","Medium","P2","Identity & Access","8","6","Closed","Access Management","0.86","P2","0.88","KB-ACCESS-004","No","Yes","ticket assignment","Approved - simulated","No","4"
"INC-00681","2026-07-17","13:54","Operations","Site B","Email & Collaboration","Access Management","Account Lockout","My account is locked after several failed attempts","Low","Medium","P4","Identity & Access","48","23.7","Closed","Access Management","0.97","P4","0.96","KB-ACCESS-004","No","Yes","account unlock","Approved - simulated","No","5"
"INC-00682","2026-07-28","17:36","Finance","Site A","Email & Collaboration","Hardware","Laptop","Laptop will not start after reboot","Low","Medium","P4","End User Computing","48","4.7","Open","Hardware","0.88","P4","0.88","KB-HW-001","No","Yes","ticket assignment","Approved - simulated","Yes","4"
"INC-00683","2026-03-24","17:46","Operations","Site B","Email & Collaboration","Hardware","Laptop","Laptop will not start after reboot","Medium","High","P2","End User Computing","8","7.3","Resolved","Hardware","0.97","P2","0.85","KB-HW-001","No","Yes","ticket assignment","Approved - simulated","No","4"
"INC-00684","2026-02-20","16:52","IT","Regional Office","Corporate Network","Server & Infrastructure","Backup","Nightly backup job failed","Medium","Medium","P3","Infrastructure Operations","24","17.8","Closed","Server & Infrastructure","0.98","P3","0.91","KB-INFRA-006","No","Yes","ticket assignment","Approved - simulated","No","4"
"INC-00685","2026-04-27","10:28","IT","Site A","File Services","Hardware","Printer","Department printer is offline","Low","Medium","P4","End User Computing","48","22.8","Resolved","Hardware","0.93","P4","0.93","KB-HW-001","No","Yes","ticket assignment","Approved - simulated","No","4"
"INC-00686","2026-06-18","10:04","Operations","Regional Office","Corporate Network","Hardware","Laptop","Laptop will not start after reboot","Medium","High","P2","End User Computing","8","5.7","Closed","Hardware","0.89","P2","0.97","KB-HW-001","No","Yes","ticket assignment","Approved - simulated","No","4"
"INC-00687","2026-06-11","18:43","Engineering","Remote","Virtual Infrastructure","Network","VPN","VPN connection fails from a remote location","Low","High","P3","Network Operations","24","12.3","Closed","Network","0.88","P3","0.85","KB-NET-002","No","Yes","ticket assignment","Approved - simulated","No","3"
"INC-00688","2026-03-31","15:20","HR","Site B","Service Desk","Server & Infrastructure","Backup","Nightly backup job failed","High","Low","P3","Infrastructure Operations","24","11.1","In Progress","Server & Infrastructure","0.85","P3","0.93","KB-INFRA-006","No","Yes","ticket assignment","Approved - simulated","No","4"
"INC-00689","2026-01-13","16:49","IT","Site B","Endpoint Management","Access Management","Account Lockout","My account is locked after several failed attempts","Medium","Low","P4","Identity & Access","48","18","Resolved","Access Management","0.94","P4","0.9","KB-ACCESS-004","No","Yes","account unlock","Approved - simulated","No","4"
"INC-00690","2026-01-16","08:41","Project Management","Remote","Service Desk","Server & Infrastructure","Backup","Nightly backup job failed","Medium","Medium","P3","Infrastructure Operations","24","14.9","Resolved","Server & Infrastructure","0.92","P3","0.95","KB-INFRA-006","No","Yes","ticket assignment","Approved - simulated","No","4"
"INC-00691","2026-06-28","11:05","Engineering","Remote","Endpoint Management","Network","Wi-Fi","Wi-Fi disconnects repeatedly in the office","Low","Low","P4","Network Operations","48","28","Resolved","Network","0.98","P4","0.83","KB-NET-002","No","Yes","ticket assignment","Approved - simulated","No","5"
"INC-00692","2026-02-12","18:14","Finance","Regional Office","Endpoint Management","Network","Wi-Fi","Wi-Fi disconnects repeatedly in the office","High","Medium","P2","Network Operations","8","4.2","Closed","Network","0.95","P2","0.83","KB-NET-002","No","Yes","ticket assignment","Approved - simulated","No","4"
"INC-00693","2026-09-09","15:40","Administration","Remote","Endpoint Management","Server & Infrastructure","Server Availability","Application server is unavailable","Medium","Medium","P3","Infrastructure Operations","24","12.7","Closed","Server & Infrastructure","0.89","P3","0.88","KB-INFRA-006","Yes","No","production change","Human review required","No","4"
"INC-00694","2026-09-23","17:00","Engineering","Regional Office","Email & Collaboration","Network","VPN","VPN connection fails from a remote location","High","High","P1","Network Operations","4","3.5","Resolved","Network","0.97","P1","0.95","KB-NET-002","Yes","No","ticket assignment","Human review required","No","5"
"INC-00695","2026-08-22","09:33","IT","Remote","File Services","Email & Collaboration","Calendar","A calendar meeting disappeared","Low","Medium","P4","Collaboration Services","48","6.9","In Progress","Email & Collaboration","0.97","P4","0.95","KB-COLLAB-001","No","Yes","ticket assignment","Approved - simulated","No","5"
"INC-00696","2026-05-20","08:54","Operations","Site B","Email & Collaboration","Hardware","Peripheral","Monitor and keyboard intermittently disconnect","High","Low","P3","End User Computing","24","13.1","Closed","Hardware","0.87","P3","0.89","KB-HW-001","No","Yes","ticket assignment","Approved - simulated","No","4"
"INC-00697","2026-07-02","09:46","HR","Regional Office","Virtual Infrastructure","Security","Phishing","User received a suspicious email requesting credentials","Medium","Medium","P3","Cybersecurity","24","1.6","In Progress","Security","0.88","P3","0.84","KB-SEC-005","Yes","No","security control change","Human review required","No","5"
"INC-00698","2026-01-04","12:15","Finance","Remote","Corporate Network","Security","Endpoint Protection","Endpoint protection reports malware activity","High","High","P1","Cybersecurity","4","4","Resolved","Security","0.82","P1","0.85","KB-SEC-005","Yes","No","security control change","Human review required","No","5"
"INC-00699","2026-07-12","12:15","Project Management","Site A","Corporate Network","Software","Installation","User needs an approved software package installed","Low","Medium","P4","Application Support","48","6.6","Open","Software","0.93","P4","0.95","KB-SW-003","No","Yes","ticket assignment","Approved - simulated","No","5"
"INC-00700","2026-02-11","13:30","Finance","Remote","Virtual Infrastructure","Email & Collaboration","Teams","Teams calls have no audio","Medium","Medium","P3","Collaboration Services","24","10.1","Resolved","Email & Collaboration","0.84","P3","0.86","KB-COLLAB-001","No","Yes","ticket assignment","Approved - simulated","No","4"
"INC-00701","2026-03-03","11:50","HR","Regional Office","Virtual Infrastructure","Server & Infrastructure","Storage","File server storage is nearly full","Medium","Medium","P3","Infrastructure Operations","24","15.9","Closed","Server & Infrastructure","0.94","P3","0.83","KB-INFRA-006","No","Yes","ticket assignment","Approved - simulated","No","3"
"INC-00702","2026-02-09","18:14","HR","Site B","Service Desk","Network","DNS","The business application cannot resolve its service name","Medium","Low","P4","Network Operations","48","1.5","Open","Network","0.87","P4","0.9","KB-NET-002","No","Yes","ticket assignment","Approved - simulated","No","4"
"INC-00703","2026-03-04","14:10","Operations","Head Office","Endpoint Management","Server & Infrastructure","Storage","File server storage is nearly full","High","Medium","P2","Infrastructure Operations","8","5.7","Closed","Server & Infrastructure","0.82","P2","0.93","KB-INFRA-006","No","Yes","ticket assignment","Approved - simulated","No","3"
"INC-00704","2026-04-07","12:51","IT","Head Office","ERP","Email & Collaboration","Teams","Teams calls have no audio","Medium","Medium","P3","Collaboration Services","24","15.3","Closed","Email & Collaboration","0.98","P3","0.91","KB-COLLAB-001","No","Yes","ticket assignment","Approved - simulated","No","4"
"INC-00705","2026-07-19","12:15","Project Management","Head Office","File Services","Server & Infrastructure","Backup","Nightly backup job failed","Medium","Low","P4","Infrastructure Operations","48","11.2","Open","Server & Infrastructure","0.94","P4","0.86","KB-INFRA-006","No","Yes","ticket assignment","Approved - simulated","No","4"
"INC-00706","2026-07-12","10:57","Project Management","Head Office","Endpoint Management","Access Management","Permission","Finance users cannot access the shared folder after a permissions change","High","High","P1","Identity & Access","4","2.9","Closed","Access Management","0.85","P1","0.93","KB-ACCESS-004","Yes","No","privileged access change","Human review required","No","3"
"INC-00707","2026-09-24","14:44","Procurement","Regional Office","Endpoint Management","Software","Installation","User needs an approved software package installed","Medium","Medium","P3","Application Support","24","9.1","Open","Software","0.84","P3","0.9","KB-SW-003","No","Yes","ticket assignment","Approved - simulated","No","4"
"INC-00708","2026-07-03","09:47","Procurement","Site B","Endpoint Management","Network","VPN","VPN connection fails from a remote location","Medium","Medium","P3","Network Operations","24","15.3","Resolved","Network","0.97","P3","0.97","KB-NET-002","No","Yes","ticket assignment","Approved - simulated","No","4"
"INC-00709","2026-06-21","16:49","Project Management","Site A","ERP","Hardware","Peripheral","Monitor and keyboard intermittently disconnect","High","High","P1","End User Computing","4","3.4","Closed","Hardware","0.92","P1","0.83","KB-HW-001","Yes","No","ticket assignment","Human review required","No","4"
"INC-00710","2026-03-11","16:51","Operations","Regional Office","Active Directory","Access Management","Permission","Finance users cannot access the shared folder after a permissions change","High","Medium","P2","Identity & Access","8","4.5","Closed","Access Management","0.95","P2","0.86","KB-ACCESS-004","Yes","No","privileged access change","Human review required","No","4"
"INC-00711","2026-05-04","08:40","HR","Site B","Email & Collaboration","Access Management","MFA","MFA code is not being accepted","Low","High","P3","Identity & Access","24","11.9","Resolved","Access Management","0.94","P3","0.89","KB-ACCESS-004","No","Yes","ticket assignment","Approved - simulated","No","4"
"INC-00712","2026-05-17","11:12","Finance","Site B","Service Desk","Email & Collaboration","Mailbox","Outlook is not receiving new messages","Low","Medium","P4","Collaboration Services","48","16.3","Closed","Email & Collaboration","0.9","P4","0.89","KB-COLLAB-001","No","Yes","ticket assignment","Approved - simulated","No","4"
"INC-00713","2026-05-08","15:04","Administration","Remote","Service Desk","Security","Phishing","User received a suspicious email requesting credentials","High","Low","P3","Cybersecurity","24","14.6","Resolved","Security","0.95","P3","0.87","KB-SEC-005","Yes","No","security control change","Human review required","No","3"
"INC-00714","2026-09-17","17:21","HR","Regional Office","Endpoint Management","Network","Wi-Fi","Wi-Fi disconnects repeatedly in the office","Medium","Medium","P3","Network Operations","24","11.1","Open","Network","0.94","P3","0.9","KB-NET-002","No","Yes","ticket assignment","Approved - simulated","No","4"
"INC-00715","2026-09-14","18:47","HR","Site B","Service Desk","Email & Collaboration","Calendar","A calendar meeting disappeared","Medium","Medium","P3","Collaboration Services","24","11.7","Closed","Email & Collaboration","0.83","P3","0.89","KB-COLLAB-001","No","Yes","ticket assignment","Approved - simulated","No","4"
"INC-00716","2026-07-21","16:48","Administration","Head Office","File Services","Email & Collaboration","Mailbox","Outlook is not receiving new messages","Low","Low","P4","Collaboration Services","48","8.6","Open","Email & Collaboration","0.86","P4","0.95","KB-COLLAB-001","No","Yes","ticket assignment","Approved - simulated","No","3"
"INC-00717","2026-02-24","14:07","IT","Site A","Service Desk","Access Management","MFA","MFA code is not being accepted","Medium","Medium","P3","Identity & Access","24","9.2","In Progress","Access Management","0.94","P3","0.9","KB-ACCESS-004","No","Yes","ticket assignment","Approved - simulated","No","4"
"INC-00718","2026-09-08","13:53","Finance","Site A","Email & Collaboration","Network","VPN","VPN connection fails from a remote location","Low","Medium","P4","Network Operations","48","27.2","Resolved","Network","0.85","P4","0.82","KB-NET-002","No","Yes","ticket assignment","Approved - simulated","No","4"
"INC-00719","2026-01-20","09:09","IT","Head Office","File Services","Server & Infrastructure","Storage","File server storage is nearly full","Medium","Low","P4","Infrastructure Operations","48","7.9","In Progress","Server & Infrastructure","0.81","P4","0.96","KB-INFRA-006","No","Yes","ticket assignment","Approved - simulated","No","4"
"INC-00720","2026-02-06","15:06","IT","Remote","Corporate Network","Access Management","Password Reset","My password expired and I cannot sign in","High","Medium","P2","Identity & Access","8","4.9","Closed","Access Management","0.86","P2","0.85","KB-ACCESS-004","No","Yes","password reset","Approved - simulated","No","4"
"INC-00721","2026-07-09","08:18","Administration","Head Office","Corporate Network","Hardware","Laptop","Laptop will not start after reboot","Medium","Medium","P3","End User Computing","24","9.1","In Progress","Hardware","0.9","P3","0.85","KB-HW-001","No","Yes","ticket assignment","Approved - simulated","Yes","5"
"INC-00722","2026-01-16","16:43","Operations","Site B","Service Desk","Security","Phishing","User received a suspicious email requesting credentials","Low","Medium","P4","Cybersecurity","48","22.8","Closed","Security","0.86","P4","0.85","KB-SEC-005","Yes","No","security control change","Human review required","No","4"
"INC-00723","2026-05-24","17:15","Administration","Remote","Email & Collaboration","Hardware","Peripheral","Monitor and keyboard intermittently disconnect","Low","Medium","P4","End User Computing","48","18.1","Resolved","Hardware","0.87","P4","0.94","KB-HW-001","No","Yes","ticket assignment","Approved - simulated","No","4"
"INC-00724","2026-02-16","12:03","HR","Head Office","Virtual Infrastructure","Security","Phishing","User received a suspicious email requesting credentials","Medium","Low","P4","Cybersecurity","48","22.1","Closed","Security","0.94","P4","0.86","KB-SEC-005","Yes","No","security control change","Human review required","No","5"
"INC-00725","2026-01-10","12:24","HR","Regional Office","Endpoint Management","Security","Endpoint Protection","Endpoint protection reports malware activity","Medium","Medium","P3","Cybersecurity","24","18.2","Closed","Security","0.93","P3","0.91","KB-SEC-005","Yes","No","security control change","Human review required","No","4"
"INC-00726","2026-08-15","16:04","HR","Regional Office","Email & Collaboration","Server & Infrastructure","Storage","File server storage is nearly full","Medium","Medium","P3","Infrastructure Operations","24","11.4","Closed","Server & Infrastructure","0.86","P3","0.83","KB-INFRA-006","No","Yes","ticket assignment","Approved - simulated","No","4"
"INC-00727","2026-06-19","09:50","HR","Remote","File Services","Server & Infrastructure","Backup","Nightly backup job failed","High","Low","P3","Infrastructure Operations","24","12","Closed","Server & Infrastructure","0.81","P3","0.93","KB-INFRA-006","No","Yes","ticket assignment","Approved - simulated","No","5"
"INC-00728","2026-07-02","09:32","Project Management","Site A","ERP","Access Management","MFA","MFA code is not being accepted","High","High","P1","Identity & Access","4","6","In Progress","Access Management","0.85","P1","0.96","KB-ACCESS-004","Yes","No","ticket assignment","Human review required","No","5"
"INC-00729","2026-08-03","16:38","Finance","Head Office","Virtual Infrastructure","Access Management","Password Reset","My password expired and I cannot sign in","High","Low","P3","Identity & Access","24","16.1","Resolved","Access Management","0.83","P3","0.82","KB-ACCESS-004","No","Yes","password reset","Approved - simulated","No","3"
"INC-00730","2026-05-23","11:56","Finance","Site B","Corporate Network","Network","DNS","The business application cannot resolve its service name","High","Medium","P2","Network Operations","8","5","In Progress","Network","0.96","P2","0.89","KB-NET-002","No","Yes","ticket assignment","Approved - simulated","No","4"
"INC-00731","2026-10-07","14:26","Project Management","Head Office","ERP","Software","Installation","User needs an approved software package installed","Low","Medium","P4","Application Support","48","17.3","Resolved","Software","0.81","P4","0.95","KB-SW-003","No","Yes","ticket assignment","Approved - simulated","No","5"
"INC-00732","2026-04-09","16:15","IT","Site B","ERP","Hardware","Peripheral","Monitor and keyboard intermittently disconnect","Medium","Medium","P3","End User Computing","24","14.2","Closed","Hardware","0.97","P3","0.92","KB-HW-001","No","Yes","ticket assignment","Approved - simulated","No","5"
"INC-00733","2026-09-02","18:59","Operations","Site A","Endpoint Management","Hardware","Peripheral","Monitor and keyboard intermittently disconnect","High","Medium","P2","End User Computing","8","4.3","Closed","Hardware","0.98","P2","0.95","KB-HW-001","No","Yes","ticket assignment","Approved - simulated","Yes","4"
"INC-00734","2026-01-27","17:07","Procurement","Site A","Active Directory","Email & Collaboration","Calendar","A calendar meeting disappeared","Medium","Medium","P3","Collaboration Services","24","10.1","In Progress","Email & Collaboration","0.85","P3","0.92","KB-COLLAB-001","No","Yes","ticket assignment","Approved - simulated","No","3"
"INC-00735","2026-03-15","09:45","Finance","Head Office","ERP","Access Management","Password Reset","My password expired and I cannot sign in","Medium","High","P2","Identity & Access","8","7.2","Closed","Access Management","0.83","P2","0.89","KB-ACCESS-004","No","Yes","password reset","Approved - simulated","No","4"
"INC-00736","2026-07-07","14:26","Engineering","Site A","Virtual Infrastructure","Access Management","Account Lockout","My account is locked after several failed attempts","High","Low","P3","Identity & Access","24","14.8","Resolved","Access Management","0.94","P3","0.88","KB-ACCESS-004","No","Yes","account unlock","Approved - simulated","No","3"
"INC-00737","2026-06-08","18:13","Finance","Remote","Endpoint Management","Server & Infrastructure","Storage","File server storage is nearly full","Low","Medium","P4","Infrastructure Operations","48","18.5","Closed","Server & Infrastructure","0.84","P4","0.95","KB-INFRA-006","No","Yes","ticket assignment","Approved - simulated","No","3"
"INC-00738","2026-05-23","09:04","Administration","Head Office","Virtual Infrastructure","Software","Application Error","ERP application shows an unexpected error","Medium","Low","P4","Application Support","48","25.7","Resolved","Software","0.85","P4","0.95","KB-SW-003","No","Yes","ticket assignment","Approved - simulated","No","4"
"INC-00739","2026-02-21","14:34","Finance","Site B","File Services","Security","Endpoint Protection","Endpoint protection reports malware activity","Medium","High","P2","Cybersecurity","8","4.7","Closed","Security","0.94","P2","0.96","KB-SEC-005","Yes","No","security control change","Human review required","No","4"
"INC-00740","2026-06-18","11:15","Finance","Remote","File Services","Software","Installation","User needs an approved software package installed","Low","High","P3","Application Support","24","16.5","Closed","Software","0.82","P3","0.95","KB-SW-003","No","Yes","ticket assignment","Approved - simulated","No","4"
"INC-00741","2026-05-07","13:52","HR","Site A","Service Desk","Email & Collaboration","Teams","Teams calls have no audio","Low","High","P3","Collaboration Services","24","15.2","Closed","Email & Collaboration","0.95","P3","0.86","KB-COLLAB-001","No","Yes","ticket assignment","Approved - simulated","No","4"
"INC-00742","2026-06-01","14:15","Administration","Site B","Active Directory","Email & Collaboration","Teams","Teams calls have no audio","Low","Medium","P4","Collaboration Services","48","25.6","Closed","Email & Collaboration","0.89","P4","0.92","KB-COLLAB-001","No","Yes","ticket assignment","Approved - simulated","No","4"
"INC-00743","2026-01-16","15:11","Procurement","Head Office","Corporate Network","Security","Endpoint Protection","Endpoint protection reports malware activity","Medium","High","P2","Cybersecurity","8","4.5","Closed","Security","0.86","P2","0.86","KB-SEC-005","Yes","No","security control change","Human review required","No","3"
"INC-00744","2026-08-08","13:15","Engineering","Remote","ERP","Software","Application Error","ERP application shows an unexpected error","Medium","Low","P4","Application Support","48","9.7","In Progress","Software","0.91","P4","0.96","KB-SW-003","No","Yes","ticket assignment","Approved - simulated","No","5"
"INC-00745","2026-08-14","17:07","Engineering","Remote","Endpoint Management","Security","Phishing","User received a suspicious email requesting credentials","Medium","Medium","P3","Cybersecurity","24","10.7","Resolved","Security","0.84","P3","0.93","KB-SEC-005","Yes","No","security control change","Human review required","No","4"
"INC-00746","2026-08-06","15:13","IT","Site B","Virtual Infrastructure","Network","DNS","The business application cannot resolve its service name","Medium","Low","P4","Network Operations","48","27.9","Closed","Network","0.94","P4","0.93","KB-NET-002","No","Yes","ticket assignment","Approved - simulated","No","3"
"INC-00747","2026-07-01","10:47","IT","Site B","File Services","Email & Collaboration","Mailbox","Outlook is not receiving new messages","Medium","Low","P4","Collaboration Services","48","25.2","Closed","Email & Collaboration","0.88","P4","0.83","KB-COLLAB-001","No","Yes","ticket assignment","Approved - simulated","Yes","4"
"INC-00748","2026-04-22","14:21","IT","Head Office","Corporate Network","Network","DNS","The business application cannot resolve its service name","Medium","Medium","P3","Network Operations","24","15.6","Closed","Network","0.82","P3","0.86","KB-NET-002","No","Yes","ticket assignment","Approved - simulated","No","4"
"INC-00749","2026-02-17","08:20","Engineering","Head Office","Endpoint Management","Email & Collaboration","Teams","Teams calls have no audio","Medium","High","P2","Collaboration Services","8","5","Resolved","Email & Collaboration","0.83","P2","0.95","KB-COLLAB-001","No","Yes","ticket assignment","Approved - simulated","No","5"
"INC-00750","2026-03-25","11:56","IT","Regional Office","Virtual Infrastructure","Email & Collaboration","Mailbox","Outlook is not receiving new messages","Medium","High","P2","Collaboration Services","8","6.5","In Progress","Email & Collaboration","0.89","P2","0.92","KB-COLLAB-001","No","Yes","ticket assignment","Approved - simulated","No","4"
"INC-00751","2026-02-09","14:27","Operations","Head Office","Virtual Infrastructure","Email & Collaboration","Mailbox","Outlook is not receiving new messages","Low","High","P3","Collaboration Services","24","12.7","Resolved","Email & Collaboration","0.86","P3","0.85","KB-COLLAB-001","No","Yes","ticket assignment","Approved - simulated","No","5"
"INC-00752","2026-05-26","11:42","Engineering","Site B","File Services","Server & Infrastructure","Server Availability","Application server is unavailable","Medium","High","P2","Infrastructure Operations","8","5.6","Closed","Server & Infrastructure","0.91","P2","0.83","KB-INFRA-006","Yes","No","production change","Human review required","No","3"
"INC-00753","2026-03-03","08:41","HR","Site B","Corporate Network","Email & Collaboration","Mailbox","Outlook is not receiving new messages","Medium","High","P2","Collaboration Services","8","6.4","Closed","Email & Collaboration","0.87","P2","0.97","KB-COLLAB-001","No","Yes","ticket assignment","Approved - simulated","No","4"
"INC-00754","2026-05-06","12:46","Project Management","Regional Office","Corporate Network","Server & Infrastructure","Storage","File server storage is nearly full","High","Low","P3","Infrastructure Operations","24","0.9","In Progress","Server & Infrastructure","0.85","P3","0.86","KB-INFRA-006","No","Yes","ticket assignment","Approved - simulated","No","4"
"INC-00755","2026-08-11","17:26","Procurement","Head Office","ERP","Network","VPN","VPN connection fails from a remote location","Medium","Medium","P3","Network Operations","24","10.7","Closed","Network","0.82","P3","0.9","KB-NET-002","No","Yes","ticket assignment","Approved - simulated","No","4"
"INC-00756","2026-06-09","18:05","HR","Remote","File Services","Hardware","Peripheral","Monitor and keyboard intermittently disconnect","Medium","Low","P4","End User Computing","48","20.8","Resolved","Hardware","0.85","P4","0.95","KB-HW-001","No","Yes","ticket assignment","Approved - simulated","No","4"
"INC-00757","2026-05-01","17:16","IT","Site B","ERP","Server & Infrastructure","Server Availability","Application server is unavailable","Low","Low","P4","Infrastructure Operations","48","26.9","Resolved","Server & Infrastructure","0.91","P4","0.94","KB-INFRA-006","Yes","No","production change","Human review required","No","5"
"INC-00758","2026-05-08","16:58","Administration","Regional Office","Corporate Network","Hardware","Laptop","Laptop will not start after reboot","Medium","Medium","P3","End User Computing","24","13.2","Closed","Hardware","0.87","P3","0.92","KB-HW-001","No","Yes","ticket assignment","Approved - simulated","No","4"
"INC-00759","2026-01-24","18:20","IT","Regional Office","Corporate Network","Email & Collaboration","Mailbox","Outlook is not receiving new messages","Medium","Low","P4","Collaboration Services","48","28.3","Closed","Email & Collaboration","0.95","P4","0.92","KB-COLLAB-001","No","Yes","ticket assignment","Approved - simulated","No","4"
"INC-00760","2026-07-15","18:17","Project Management","Site B","Active Directory","Hardware","Printer","Department printer is offline","Medium","High","P2","End User Computing","8","4.8","Resolved","Hardware","0.93","P2","0.9","KB-HW-001","No","Yes","ticket assignment","Approved - simulated","No","4"
"INC-00761","2026-07-04","08:07","HR","Head Office","Corporate Network","Security","Endpoint Protection","Endpoint protection reports malware activity","Medium","Low","P4","Cybersecurity","48","2.1","In Progress","Security","0.94","P4","0.89","KB-SEC-005","Yes","No","security control change","Human review required","No","4"
"INC-00762","2026-02-05","09:27","Procurement","Regional Office","Virtual Infrastructure","Network","VPN","VPN connection fails from a remote location","Medium","Medium","P3","Network Operations","24","10.6","In Progress","Network","0.8","P3","0.82","KB-NET-002","No","Yes","ticket assignment","Approved - simulated","No","4"
"INC-00763","2026-03-09","16:31","IT","Head Office","Service Desk","Security","Endpoint Protection","Endpoint protection reports malware activity","Low","Medium","P4","Cybersecurity","48","25.2","Resolved","Security","0.95","P4","0.94","KB-SEC-005","Yes","No","security control change","Human review required","No","4"
"INC-00764","2026-09-07","10:07","Engineering","Site A","Email & Collaboration","Access Management","Permission","Finance users cannot access the shared folder after a permissions change","Low","Medium","P4","Identity & Access","48","16.5","Closed","Access Management","0.82","P4","0.88","KB-ACCESS-004","Yes","No","privileged access change","Human review required","No","3"
"INC-00765","2026-02-06","17:17","Project Management","Site A","Endpoint Management","Security","Endpoint Protection","Endpoint protection reports malware activity","Low","Medium","P4","Cybersecurity","48","25.4","Closed","Security","0.9","P4","0.83","KB-SEC-005","Yes","No","security control change","Human review required","No","4"
"INC-00766","2026-04-05","13:46","Administration","Site A","Corporate Network","Hardware","Laptop","Laptop will not start after reboot","Low","High","P3","End User Computing","24","17.4","Closed","Hardware","0.86","P3","0.92","KB-HW-001","No","Yes","ticket assignment","Approved - simulated","No","4"
"INC-00767","2026-08-08","09:38","Finance","Remote","Email & Collaboration","Network","VPN","VPN connection fails from a remote location","Low","High","P3","Network Operations","24","16.1","Closed","Network","0.91","P3","0.9","KB-NET-002","No","Yes","ticket assignment","Approved - simulated","No","4"
"INC-00768","2026-05-17","18:29","Administration","Remote","File Services","Access Management","Account Lockout","My account is locked after several failed attempts","Medium","Medium","P3","Identity & Access","24","16.5","Closed","Access Management","0.89","P3","0.86","KB-ACCESS-004","No","Yes","account unlock","Approved - simulated","No","4"
"INC-00769","2026-04-17","11:28","Finance","Regional Office","Service Desk","Network","Wi-Fi","Wi-Fi disconnects repeatedly in the office","Medium","Medium","P3","Network Operations","24","11.3","Closed","Network","0.81","P3","0.89","KB-NET-002","No","Yes","ticket assignment","Approved - simulated","No","5"
"INC-00770","2026-01-07","10:44","Engineering","Site B","Email & Collaboration","Security","Endpoint Protection","Endpoint protection reports malware activity","High","Medium","P2","Cybersecurity","8","1.5","In Progress","Security","0.95","P2","0.83","KB-SEC-005","Yes","No","security control change","Human review required","No","4"
"INC-00771","2026-02-25","10:50","Procurement","Site A","Virtual Infrastructure","Server & Infrastructure","Server Availability","Application server is unavailable","Medium","High","P2","Infrastructure Operations","8","6.3","Resolved","Server & Infrastructure","0.97","P2","0.85","KB-INFRA-006","Yes","No","production change","Human review required","No","4"
"INC-00772","2026-02-21","13:59","Project Management","Remote","ERP","Server & Infrastructure","Storage","File server storage is nearly full","Low","Medium","P4","Infrastructure Operations","48","19.5","Resolved","Server & Infrastructure","0.87","P4","0.86","KB-INFRA-006","No","Yes","ticket assignment","Approved - simulated","No","4"
"INC-00773","2026-08-20","08:04","Project Management","Head Office","Service Desk","Access Management","Password Reset","My password expired and I cannot sign in","Low","High","P3","Identity & Access","24","12.8","Closed","Access Management","0.91","P3","0.96","KB-ACCESS-004","No","Yes","password reset","Approved - simulated","No","4"
"INC-00774","2026-08-07","09:07","HR","Head Office","Corporate Network","Hardware","Laptop","Laptop will not start after reboot","Medium","Low","P4","End User Computing","48","15.7","Resolved","Hardware","0.89","P4","0.88","KB-HW-001","No","Yes","ticket assignment","Approved - simulated","No","4"
"INC-00775","2026-05-31","08:57","HR","Site A","ERP","Network","Wi-Fi","Wi-Fi disconnects repeatedly in the office","Low","Low","P4","Network Operations","48","8.5","In Progress","Network","0.93","P4","0.92","KB-NET-002","No","Yes","ticket assignment","Approved - simulated","No","3"
"INC-00776","2026-05-12","17:24","Finance","Regional Office","File Services","Hardware","Laptop","Laptop will not start after reboot","Low","Medium","P4","End User Computing","48","17.5","Resolved","Hardware","0.84","P4","0.96","KB-HW-001","No","Yes","ticket assignment","Approved - simulated","No","4"
"INC-00777","2026-07-19","11:37","Procurement","Remote","Service Desk","Network","Wi-Fi","Wi-Fi disconnects repeatedly in the office","Medium","Medium","P3","Network Operations","24","14.9","Closed","Network","0.9","P3","0.88","KB-NET-002","No","Yes","ticket assignment","Approved - simulated","No","4"
"INC-00778","2026-03-14","10:41","Operations","Site B","ERP","Server & Infrastructure","Server Availability","Application server is unavailable","Medium","Low","P4","Infrastructure Operations","48","23.5","Resolved","Server & Infrastructure","0.83","P4","0.86","KB-INFRA-006","Yes","No","production change","Human review required","Yes","5"
"INC-00779","2026-01-27","18:42","Procurement","Head Office","Active Directory","Security","Phishing","User received a suspicious email requesting credentials","Low","Medium","P4","Cybersecurity","48","9","In Progress","Security","0.88","P4","0.83","KB-SEC-005","Yes","No","security control change","Human review required","No","4"
"INC-00780","2026-01-25","12:24","Procurement","Regional Office","Service Desk","Email & Collaboration","Calendar","A calendar meeting disappeared","Low","Low","P4","Collaboration Services","48","11.8","Open","Email & Collaboration","0.92","P4","0.95","KB-COLLAB-001","No","Yes","ticket assignment","Approved - simulated","No","4"
"INC-00781","2026-06-13","12:24","Engineering","Head Office","Service Desk","Network","VPN","VPN connection fails from a remote location","Medium","Low","P4","Network Operations","48","26.7","Closed","Network","0.81","P4","0.91","KB-NET-002","No","Yes","ticket assignment","Approved - simulated","No","5"
"INC-00782","2026-05-27","09:32","IT","Head Office","Service Desk","Network","VPN","VPN connection fails from a remote location","Low","Medium","P4","Network Operations","48","2.2","In Progress","Network","0.95","P4","0.91","KB-NET-002","No","Yes","ticket assignment","Approved - simulated","No","4"
"INC-00783","2026-06-30","16:46","Procurement","Site A","Corporate Network","Access Management","Permission","Finance users cannot access the shared folder after a permissions change","Medium","Low","P4","Identity & Access","48","6","In Progress","Access Management","0.81","P4","0.82","KB-ACCESS-004","Yes","No","privileged access change","Human review required","No","4"
"INC-00784","2026-08-13","08:37","IT","Remote","Email & Collaboration","Software","Installation","User needs an approved software package installed","Medium","Low","P4","Application Support","48","3.9","Open","Software","0.96","P4","0.88","KB-SW-003","No","Yes","ticket assignment","Approved - simulated","No","4"
"INC-00785","2026-01-24","09:28","Finance","Site B","Active Directory","Server & Infrastructure","Storage","File server storage is nearly full","Medium","Medium","P3","Infrastructure Operations","24","12.8","Resolved","Server & Infrastructure","0.87","P3","0.86","KB-INFRA-006","No","Yes","ticket assignment","Approved - simulated","No","4"
"INC-00786","2026-03-19","10:16","Project Management","Regional Office","Active Directory","Access Management","Permission","Finance users cannot access the shared folder after a permissions change","High","Low","P3","Identity & Access","24","17.9","Resolved","Access Management","0.82","P3","0.93","KB-ACCESS-004","Yes","No","privileged access change","Human review required","No","4"
"INC-00787","2026-05-28","09:09","HR","Head Office","File Services","Server & Infrastructure","Storage","File server storage is nearly full","Medium","Low","P4","Infrastructure Operations","48","16","Closed","Server & Infrastructure","0.84","P4","0.83","KB-INFRA-006","No","Yes","ticket assignment","Approved - simulated","No","3"
"INC-00788","2026-07-19","15:41","Procurement","Site B","Active Directory","Security","Phishing","User received a suspicious email requesting credentials","High","Medium","P2","Cybersecurity","8","5.3","Closed","Security","0.85","P2","0.85","KB-SEC-005","Yes","No","security control change","Human review required","No","4"
"INC-00789","2026-08-15","08:09","Finance","Site A","Active Directory","Access Management","Password Reset","My password expired and I cannot sign in","Low","Low","P4","Identity & Access","48","26.6","Closed","Access Management","0.95","P4","0.87","KB-ACCESS-004","No","Yes","password reset","Approved - simulated","No","4"
"INC-00790","2026-09-04","11:33","IT","Site A","Endpoint Management","Server & Infrastructure","Storage","File server storage is nearly full","Medium","Medium","P3","Infrastructure Operations","24","10.8","Closed","Server & Infrastructure","0.83","P3","0.96","KB-INFRA-006","No","Yes","ticket assignment","Approved - simulated","No","3"
"INC-00791","2026-02-07","11:25","Procurement","Site B","ERP","Security","Phishing","User received a suspicious email requesting credentials","Medium","Medium","P3","Cybersecurity","24","11.3","Resolved","Security","0.81","P3","0.95","KB-SEC-005","Yes","No","security control change","Human review required","No","4"
"INC-00792","2026-05-05","16:33","Project Management","Head Office","Virtual Infrastructure","Email & Collaboration","Calendar","A calendar meeting disappeared","High","Medium","P2","Collaboration Services","8","7.3","Resolved","Email & Collaboration","0.97","P2","0.82","KB-COLLAB-001","No","Yes","ticket assignment","Approved - simulated","No","5"
"INC-00793","2026-06-01","09:18","Engineering","Regional Office","Service Desk","Security","Endpoint Protection","Endpoint protection reports malware activity","Medium","High","P2","Cybersecurity","8","5","In Progress","Security","0.9","P2","0.83","KB-SEC-005","Yes","No","security control change","Human review required","No","5"
"INC-00794","2026-02-13","14:51","Engineering","Site B","Active Directory","Access Management","Permission","Finance users cannot access the shared folder after a permissions change","Low","Low","P4","Identity & Access","48","18.2","Resolved","Access Management","0.89","P4","0.96","KB-ACCESS-004","Yes","No","privileged access change","Human review required","No","4"
"INC-00795","2026-02-11","18:19","Administration","Head Office","Endpoint Management","Network","Wi-Fi","Wi-Fi disconnects repeatedly in the office","Low","Low","P4","Network Operations","48","27.5","Closed","Network","0.96","P4","0.87","KB-NET-002","No","Yes","ticket assignment","Approved - simulated","Yes","4"
"INC-00796","2026-01-12","08:38","HR","Regional Office","Virtual Infrastructure","Hardware","Printer","Department printer is offline","Low","Medium","P4","End User Computing","48","18.6","Resolved","Hardware","0.92","P4","0.84","KB-HW-001","No","Yes","ticket assignment","Approved - simulated","No","3"
"INC-00797","2026-07-08","18:13","Procurement","Remote","Email & Collaboration","Security","Phishing","User received a suspicious email requesting credentials","Medium","High","P2","Cybersecurity","8","4.9","Closed","Security","0.81","P2","0.87","KB-SEC-005","Yes","No","security control change","Human review required","No","4"
"INC-00798","2026-01-04","18:09","Procurement","Site A","Service Desk","Server & Infrastructure","Server Availability","Application server is unavailable","Low","Medium","P4","Infrastructure Operations","48","23.2","Resolved","Server & Infrastructure","0.87","P4","0.95","KB-INFRA-006","Yes","No","production change","Human review required","No","4"
"INC-00799","2026-03-07","09:52","IT","Remote","Email & Collaboration","Access Management","Password Reset","My password expired and I cannot sign in","Low","Medium","P4","Identity & Access","48","28","Closed","Access Management","0.82","P4","0.94","KB-ACCESS-004","No","Yes","password reset","Approved - simulated","No","3"
"INC-00800","2026-02-23","16:25","Operations","Head Office","Email & Collaboration","Email & Collaboration","Teams","Teams calls have no audio","Medium","Low","P4","Collaboration Services","48","22","Resolved","Email & Collaboration","0.94","P4","0.97","KB-COLLAB-001","No","Yes","ticket assignment","Approved - simulated","No","4"
"INC-00801","2026-02-03","12:16","Operations","Head Office","Endpoint Management","Software","Installation","User needs an approved software package installed","High","High","P1","Application Support","4","3.2","Closed","Software","0.86","P1","0.87","KB-SW-003","Yes","No","ticket assignment","Human review required","No","4"
"INC-00802","2026-06-13","11:59","IT","Site A","Virtual Infrastructure","Network","VPN","VPN connection fails from a remote location","Medium","Medium","P3","Network Operations","24","15.8","Closed","Network","0.92","P3","0.93","KB-NET-002","No","Yes","ticket assignment","Approved - simulated","No","5"
"INC-00803","2026-04-26","14:29","Administration","Remote","Email & Collaboration","Software","Application Error","ERP application shows an unexpected error","Low","High","P3","Application Support","24","12.6","Closed","Software","0.87","P3","0.86","KB-SW-003","No","Yes","ticket assignment","Approved - simulated","No","3"
"INC-00804","2026-09-05","16:16","Finance","Site A","Corporate Network","Access Management","Password Reset","My password expired and I cannot sign in","Medium","Medium","P3","Identity & Access","24","13.6","Closed","Access Management","0.88","P3","0.94","KB-ACCESS-004","No","Yes","password reset","Approved - simulated","No","4"
"INC-00805","2026-02-10","15:02","IT","Site B","Virtual Infrastructure","Server & Infrastructure","Server Availability","Application server is unavailable","High","Medium","P2","Infrastructure Operations","8","6.4","Closed","Server & Infrastructure","0.82","P2","0.83","KB-INFRA-006","Yes","No","production change","Human review required","No","4"
"INC-00806","2026-06-21","16:16","HR","Regional Office","Corporate Network","Network","DNS","The business application cannot resolve its service name","Medium","Medium","P3","Network Operations","24","16.5","Closed","Network","0.9","P3","0.82","KB-NET-002","No","Yes","ticket assignment","Approved - simulated","No","4"
"INC-00807","2026-07-03","16:15","IT","Head Office","Email & Collaboration","Access Management","Password Reset","My password expired and I cannot sign in","Medium","High","P2","Identity & Access","8","5.6","Closed","Access Management","0.82","P2","0.96","KB-ACCESS-004","No","Yes","password reset","Approved - simulated","No","3"
"INC-00808","2026-10-07","14:38","HR","Remote","Corporate Network","Software","Installation","User needs an approved software package installed","Medium","Medium","P3","Application Support","24","13.1","Closed","Software","0.81","P3","0.91","KB-SW-003","No","Yes","ticket assignment","Approved - simulated","No","3"
"INC-00809","2026-07-15","18:47","Administration","Head Office","Virtual Infrastructure","Access Management","Password Reset","My password expired and I cannot sign in","Medium","High","P2","Identity & Access","8","6.1","Closed","Access Management","0.82","P2","0.97","KB-ACCESS-004","No","Yes","password reset","Approved - simulated","No","5"
"INC-00810","2026-07-01","11:40","Engineering","Head Office","File Services","Network","DNS","The business application cannot resolve its service name","Low","High","P3","Network Operations","24","7.8","Open","Network","0.81","P3","0.94","KB-NET-002","No","Yes","ticket assignment","Approved - simulated","No","5"
"INC-00811","2026-01-11","14:39","IT","Head Office","Active Directory","Email & Collaboration","Mailbox","Outlook is not receiving new messages","Low","Medium","P4","Collaboration Services","48","10.9","In Progress","Email & Collaboration","0.97","P4","0.86","KB-COLLAB-001","No","Yes","ticket assignment","Approved - simulated","No","4"
"INC-00812","2026-01-06","16:44","Project Management","Site B","Virtual Infrastructure","Hardware","Peripheral","Monitor and keyboard intermittently disconnect","Medium","Medium","P3","End User Computing","24","10.3","In Progress","Hardware","0.87","P3","0.96","KB-HW-001","No","Yes","ticket assignment","Approved - simulated","No","4"
"INC-00813","2026-06-14","10:23","IT","Head Office","Service Desk","Email & Collaboration","Teams","Teams calls have no audio","Medium","Medium","P3","Collaboration Services","24","4.6","In Progress","Email & Collaboration","0.85","P3","0.83","KB-COLLAB-001","No","Yes","ticket assignment","Approved - simulated","No","3"
"INC-00814","2026-08-24","12:08","Finance","Regional Office","Virtual Infrastructure","Hardware","Laptop","Laptop will not start after reboot","Medium","Medium","P3","End User Computing","24","6.1","In Progress","Hardware","0.87","P3","0.85","KB-HW-001","No","Yes","ticket assignment","Approved - simulated","No","3"
"INC-00815","2026-08-11","10:46","Procurement","Regional Office","Endpoint Management","Server & Infrastructure","Server Availability","Application server is unavailable","Low","Medium","P4","Infrastructure Operations","48","22","Closed","Server & Infrastructure","0.85","P4","0.97","KB-INFRA-006","Yes","No","production change","Human review required","No","5"
"INC-00816","2026-09-26","10:17","Engineering","Site A","File Services","Network","Wi-Fi","Wi-Fi disconnects repeatedly in the office","Low","Medium","P4","Network Operations","48","24.6","Resolved","Network","0.95","P4","0.92","KB-NET-002","No","Yes","ticket assignment","Approved - simulated","No","5"
"INC-00817","2026-02-06","11:22","Engineering","Head Office","Active Directory","Access Management","MFA","MFA code is not being accepted","High","Low","P3","Identity & Access","24","3.4","In Progress","Access Management","0.93","P3","0.84","KB-ACCESS-004","No","Yes","ticket assignment","Approved - simulated","No","5"
"INC-00818","2026-02-23","08:56","Operations","Site A","Corporate Network","Network","DNS","The business application cannot resolve its service name","Medium","Medium","P3","Network Operations","24","11.8","Closed","Network","0.8","P3","0.96","KB-NET-002","No","Yes","ticket assignment","Approved - simulated","No","3"
"INC-00819","2026-02-28","11:40","Project Management","Head Office","Email & Collaboration","Server & Infrastructure","Backup","Nightly backup job failed","Medium","Low","P4","Infrastructure Operations","48","25","Closed","Server & Infrastructure","0.95","P4","0.84","KB-INFRA-006","No","Yes","ticket assignment","Approved - simulated","No","4"
"INC-00820","2026-04-28","14:49","Operations","Remote","Corporate Network","Security","Endpoint Protection","Endpoint protection reports malware activity","Low","Medium","P4","Cybersecurity","48","19.4","Resolved","Security","0.9","P4","0.89","KB-SEC-005","Yes","No","security control change","Human review required","No","4"
"INC-00821","2026-02-07","18:29","Procurement","Site B","ERP","Network","Wi-Fi","Wi-Fi disconnects repeatedly in the office","Medium","High","P2","Network Operations","8","4.9","Resolved","Network","0.85","P2","0.97","KB-NET-002","No","Yes","ticket assignment","Approved - simulated","No","3"
"INC-00822","2026-06-13","16:30","Procurement","Head Office","Service Desk","Email & Collaboration","Mailbox","Outlook is not receiving new messages","Medium","Medium","P3","Collaboration Services","24","17.8","Resolved","Email & Collaboration","0.88","P3","0.9","KB-COLLAB-001","No","Yes","ticket assignment","Approved - simulated","No","4"
"INC-00823","2026-09-16","16:44","Engineering","Regional Office","Service Desk","Software","Application Error","ERP application shows an unexpected error","Medium","Medium","P3","Application Support","24","11.7","Resolved","Software","0.82","P3","0.9","KB-SW-003","No","Yes","ticket assignment","Approved - simulated","No","4"
"INC-00824","2026-03-26","09:30","Engineering","Head Office","Endpoint Management","Server & Infrastructure","Storage","File server storage is nearly full","Low","Low","P4","Infrastructure Operations","48","21","Closed","Server & Infrastructure","0.93","P4","0.96","KB-INFRA-006","No","Yes","ticket assignment","Approved - simulated","No","4"
"INC-00825","2026-05-06","15:56","Operations","Remote","Endpoint Management","Access Management","MFA","MFA code is not being accepted","Medium","Medium","P3","Identity & Access","24","17","Resolved","Access Management","0.95","P3","0.94","KB-ACCESS-004","No","Yes","ticket assignment","Approved - simulated","No","3"
"INC-00826","2026-03-13","17:20","Procurement","Regional Office","File Services","Hardware","Printer","Department printer is offline","Low","High","P3","End User Computing","24","13.4","Closed","Hardware","0.96","P3","0.9","KB-HW-001","No","Yes","ticket assignment","Approved - simulated","No","4"
"INC-00827","2026-02-24","15:13","Administration","Regional Office","Virtual Infrastructure","Access Management","Password Reset","My password expired and I cannot sign in","Medium","Medium","P3","Identity & Access","24","11.6","Closed","Access Management","0.91","P3","0.84","KB-ACCESS-004","No","Yes","password reset","Approved - simulated","No","3"
"INC-00828","2026-03-05","12:29","Engineering","Regional Office","File Services","Server & Infrastructure","Storage","File server storage is nearly full","Low","Medium","P4","Infrastructure Operations","48","2.9","In Progress","Server & Infrastructure","0.97","P4","0.92","KB-INFRA-006","No","Yes","ticket assignment","Approved - simulated","No","4"
"INC-00829","2026-03-14","13:37","Project Management","Head Office","Corporate Network","Email & Collaboration","Teams","Teams calls have no audio","Medium","High","P2","Collaboration Services","8","4.6","Closed","Email & Collaboration","0.83","P2","0.96","KB-COLLAB-001","No","Yes","ticket assignment","Approved - simulated","No","5"
"INC-00830","2026-07-06","14:21","Project Management","Regional Office","File Services","Server & Infrastructure","Backup","Nightly backup job failed","Low","Low","P4","Infrastructure Operations","48","28.3","Resolved","Server & Infrastructure","0.86","P4","0.9","KB-INFRA-006","No","Yes","ticket assignment","Approved - simulated","No","3"
"INC-00831","2026-06-02","14:40","Administration","Site B","Endpoint Management","Network","VPN","VPN connection fails from a remote location","Low","High","P3","Network Operations","24","8.2","In Progress","Network","0.92","P3","0.89","KB-NET-002","No","Yes","ticket assignment","Approved - simulated","No","5"
"INC-00832","2026-03-07","15:06","HR","Remote","ERP","Software","Installation","User needs an approved software package installed","Medium","High","P2","Application Support","8","5.4","Closed","Software","0.85","P2","0.9","KB-SW-003","No","Yes","ticket assignment","Approved - simulated","No","4"
"INC-00833","2026-03-12","11:34","Engineering","Site A","Corporate Network","Server & Infrastructure","Server Availability","Application server is unavailable","Medium","Medium","P3","Infrastructure Operations","24","11.4","Closed","Server & Infrastructure","0.95","P3","0.85","KB-INFRA-006","Yes","No","production change","Human review required","Yes","4"
"INC-00834","2026-06-16","08:32","Finance","Regional Office","ERP","Hardware","Peripheral","Monitor and keyboard intermittently disconnect","Medium","Medium","P3","End User Computing","24","16.9","Closed","Hardware","0.95","P3","0.94","KB-HW-001","No","Yes","ticket assignment","Approved - simulated","No","4"
"INC-00835","2026-06-23","12:49","HR","Remote","Virtual Infrastructure","Access Management","MFA","MFA code is not being accepted","High","Medium","P2","Identity & Access","8","6.8","Closed","Access Management","0.88","P2","0.89","KB-ACCESS-004","No","Yes","ticket assignment","Approved - simulated","No","4"
"INC-00836","2026-06-06","15:29","Administration","Remote","Endpoint Management","Security","Phishing","User received a suspicious email requesting credentials","Low","Low","P4","Cybersecurity","48","20.2","Closed","Security","0.87","P4","0.84","KB-SEC-005","Yes","No","security control change","Human review required","No","3"
"INC-00837","2026-08-23","14:35","Procurement","Regional Office","File Services","Access Management","Account Lockout","My account is locked after several failed attempts","High","High","P1","Identity & Access","4","9.8","Open","Access Management","0.94","P1","0.85","KB-ACCESS-004","Yes","No","account unlock","Human review required","No","5"
"INC-00838","2026-04-11","18:49","Administration","Regional Office","Virtual Infrastructure","Email & Collaboration","Teams","Teams calls have no audio","Medium","High","P2","Collaboration Services","8","1.7","In Progress","Email & Collaboration","0.89","P2","0.82","KB-COLLAB-001","No","Yes","ticket assignment","Approved - simulated","Yes","3"
"INC-00839","2026-02-07","16:15","Operations","Site A","Virtual Infrastructure","Network","VPN","VPN connection fails from a remote location","High","High","P1","Network Operations","4","3.9","Closed","Network","0.91","P1","0.88","KB-NET-002","Yes","No","ticket assignment","Human review required","No","4"
"INC-00840","2026-02-02","15:58","Engineering","Regional Office","File Services","Access Management","Password Reset","My password expired and I cannot sign in","Medium","High","P2","Identity & Access","8","5.4","Closed","Access Management","0.83","P2","0.9","KB-ACCESS-004","No","Yes","password reset","Approved - simulated","No","4"
"INC-00841","2026-01-16","09:22","Administration","Site A","Active Directory","Software","Installation","User needs an approved software package installed","Low","Low","P4","Application Support","48","25.1","Resolved","Software","0.81","P4","0.83","KB-SW-003","No","Yes","ticket assignment","Approved - simulated","No","5"
"INC-00842","2026-06-07","18:07","Operations","Regional Office","File Services","Access Management","Account Lockout","My account is locked after several failed attempts","Medium","Medium","P3","Identity & Access","24","16","Closed","Access Management","0.91","P3","0.84","KB-ACCESS-004","No","Yes","account unlock","Approved - simulated","Yes","3"
"INC-00843","2026-01-27","16:05","IT","Site B","Virtual Infrastructure","Hardware","Laptop","Laptop will not start after reboot","High","Medium","P2","End User Computing","8","6.9","Closed","Hardware","0.84","P2","0.83","KB-HW-001","No","Yes","ticket assignment","Approved - simulated","No","5"
"INC-00844","2026-01-13","11:37","Operations","Site B","Active Directory","Email & Collaboration","Calendar","A calendar meeting disappeared","Medium","High","P2","Collaboration Services","8","8.6","In Progress","Email & Collaboration","0.95","P2","0.9","KB-COLLAB-001","No","Yes","ticket assignment","Approved - simulated","No","3"
"INC-00845","2026-09-15","11:05","Project Management","Site A","Virtual Infrastructure","Network","DNS","The business application cannot resolve its service name","Low","Medium","P4","Network Operations","48","23.5","Closed","Network","0.85","P4","0.87","KB-NET-002","No","Yes","ticket assignment","Approved - simulated","No","4"
"INC-00846","2026-09-20","15:46","HR","Remote","Service Desk","Access Management","Account Lockout","My account is locked after several failed attempts","Medium","Low","P4","Identity & Access","48","18","Closed","Access Management","0.82","P4","0.84","KB-ACCESS-004","No","Yes","account unlock","Approved - simulated","No","4"
"INC-00847","2026-08-08","11:27","Engineering","Head Office","Virtual Infrastructure","Hardware","Laptop","Laptop will not start after reboot","Low","Medium","P4","End User Computing","48","27.4","Resolved","Hardware","0.86","P4","0.86","KB-HW-001","No","Yes","ticket assignment","Approved - simulated","Yes","4"
"INC-00848","2026-06-22","18:25","HR","Site A","Active Directory","Email & Collaboration","Teams","Teams calls have no audio","Low","Medium","P4","Collaboration Services","48","16.7","Closed","Email & Collaboration","0.83","P4","0.9","KB-COLLAB-001","No","Yes","ticket assignment","Approved - simulated","No","5"
"INC-00849","2026-09-04","11:14","Administration","Regional Office","File Services","Access Management","Account Lockout","My account is locked after several failed attempts","Medium","Low","P4","Identity & Access","48","28.3","Resolved","Access Management","0.91","P4","0.92","KB-ACCESS-004","No","Yes","account unlock","Approved - simulated","No","4"
"INC-00850","2026-07-10","14:53","HR","Regional Office","Corporate Network","Email & Collaboration","Calendar","A calendar meeting disappeared","Medium","Medium","P3","Collaboration Services","24","11.9","In Progress","Email & Collaboration","0.85","P3","0.96","KB-COLLAB-001","No","Yes","ticket assignment","Approved - simulated","No","5"
"INC-00851","2026-09-23","14:03","HR","Remote","Endpoint Management","Hardware","Laptop","Laptop will not start after reboot","High","Medium","P2","End User Computing","8","4.6","Resolved","Hardware","0.91","P2","0.84","KB-HW-001","No","Yes","ticket assignment","Approved - simulated","No","4"
"INC-00852","2026-04-23","17:55","HR","Head Office","Endpoint Management","Security","Phishing","User received a suspicious email requesting credentials","Medium","High","P2","Cybersecurity","8","6.3","Closed","Security","0.87","P2","0.87","KB-SEC-005","Yes","No","security control change","Human review required","No","4"
"INC-00853","2026-05-18","18:22","Project Management","Remote","Active Directory","Network","VPN","VPN connection fails from a remote location","Low","Medium","P4","Network Operations","48","0.6","Open","Network","0.93","P4","0.94","KB-NET-002","No","Yes","ticket assignment","Approved - simulated","No","4"
"INC-00854","2026-08-02","08:10","Finance","Head Office","Service Desk","Access Management","Account Lockout","My account is locked after several failed attempts","Medium","Medium","P3","Identity & Access","24","14.2","Resolved","Access Management","0.82","P3","0.9","KB-ACCESS-004","No","Yes","account unlock","Approved - simulated","No","4"
"INC-00855","2026-03-09","15:19","Project Management","Regional Office","Service Desk","Software","Application Error","ERP application shows an unexpected error","Medium","Low","P4","Application Support","48","12","In Progress","Software","0.89","P4","0.9","KB-SW-003","No","Yes","ticket assignment","Approved - simulated","No","5"
"INC-00856","2026-04-10","11:15","Finance","Site B","Service Desk","Hardware","Printer","Department printer is offline","Low","Medium","P4","End User Computing","48","7.8","In Progress","Hardware","0.85","P4","0.86","KB-HW-001","No","Yes","ticket assignment","Approved - simulated","No","4"
"INC-00857","2026-01-03","12:54","Finance","Site A","File Services","Email & Collaboration","Mailbox","Outlook is not receiving new messages","Medium","Medium","P3","Collaboration Services","24","14.8","Resolved","Email & Collaboration","0.91","P3","0.87","KB-COLLAB-001","No","Yes","ticket assignment","Approved - simulated","No","5"
"INC-00858","2026-04-05","13:33","Project Management","Regional Office","Endpoint Management","Hardware","Laptop","Laptop will not start after reboot","Medium","Low","P4","End User Computing","48","4.9","In Progress","Hardware","0.88","P4","0.86","KB-HW-001","No","Yes","ticket assignment","Approved - simulated","No","4"
"INC-00859","2026-06-15","08:09","Operations","Remote","Service Desk","Network","VPN","VPN connection fails from a remote location","Low","Medium","P4","Network Operations","48","24.8","Closed","Network","0.83","P4","0.94","KB-NET-002","No","Yes","ticket assignment","Approved - simulated","No","4"
"INC-00860","2026-07-22","17:49","HR","Remote","Email & Collaboration","Software","Installation","User needs an approved software package installed","Medium","Medium","P3","Application Support","24","12.9","Closed","Software","0.97","P3","0.86","KB-SW-003","No","Yes","ticket assignment","Approved - simulated","No","4"
"INC-00861","2026-02-12","09:16","IT","Regional Office","Email & Collaboration","Network","DNS","The business application cannot resolve its service name","Low","High","P3","Network Operations","24","6.5","In Progress","Network","0.91","P3","0.88","KB-NET-002","No","Yes","ticket assignment","Approved - simulated","No","3"
"INC-00862","2026-03-27","16:56","Procurement","Regional Office","Email & Collaboration","Server & Infrastructure","Backup","Nightly backup job failed","High","High","P1","Infrastructure Operations","4","2.5","Closed","Server & Infrastructure","0.93","P1","0.91","KB-INFRA-006","Yes","No","ticket assignment","Human review required","No","4"
"INC-00863","2026-03-12","13:19","HR","Site A","Active Directory","Server & Infrastructure","Storage","File server storage is nearly full","Low","Medium","P4","Infrastructure Operations","48","4.5","In Progress","Server & Infrastructure","0.85","P4","0.87","KB-INFRA-006","No","Yes","ticket assignment","Approved - simulated","No","3"
"INC-00864","2026-01-13","16:25","Procurement","Site A","Service Desk","Email & Collaboration","Mailbox","Outlook is not receiving new messages","Medium","High","P2","Collaboration Services","8","6.8","Closed","Email & Collaboration","0.87","P2","0.91","KB-COLLAB-001","No","Yes","ticket assignment","Approved - simulated","No","4"
"INC-00865","2026-08-30","14:42","Procurement","Regional Office","Email & Collaboration","Hardware","Laptop","Laptop will not start after reboot","Low","Low","P4","End User Computing","48","8.6","In Progress","Hardware","0.93","P4","0.88","KB-HW-001","No","Yes","ticket assignment","Approved - simulated","No","4"
"INC-00866","2026-09-16","18:09","Procurement","Remote","Corporate Network","Network","VPN","VPN connection fails from a remote location","Low","Medium","P4","Network Operations","48","21.6","Closed","Network","0.94","P4","0.94","KB-NET-002","No","Yes","ticket assignment","Approved - simulated","No","4"
"INC-00867","2026-08-01","14:43","Project Management","Regional Office","Active Directory","Server & Infrastructure","Backup","Nightly backup job failed","Medium","Medium","P3","Infrastructure Operations","24","10.4","In Progress","Server & Infrastructure","0.83","P3","0.89","KB-INFRA-006","No","Yes","ticket assignment","Approved - simulated","No","5"
"INC-00868","2026-07-29","16:10","Finance","Site A","ERP","Server & Infrastructure","Server Availability","Application server is unavailable","Medium","Medium","P3","Infrastructure Operations","24","16.6","Resolved","Server & Infrastructure","0.87","P3","0.86","KB-INFRA-006","Yes","No","production change","Human review required","No","4"
"INC-00869","2026-02-08","17:35","Project Management","Regional Office","Virtual Infrastructure","Access Management","Permission","Finance users cannot access the shared folder after a permissions change","Medium","Medium","P3","Identity & Access","24","17","Closed","Access Management","0.8","P3","0.93","KB-ACCESS-004","Yes","No","privileged access change","Human review required","No","4"
"INC-00870","2026-09-30","18:50","Procurement","Remote","Email & Collaboration","Network","Wi-Fi","Wi-Fi disconnects repeatedly in the office","Medium","Medium","P3","Network Operations","24","13.8","Closed","Network","0.89","P3","0.96","KB-NET-002","No","Yes","ticket assignment","Approved - simulated","No","4"
"INC-00871","2026-06-28","17:36","HR","Regional Office","Service Desk","Software","Installation","User needs an approved software package installed","Medium","High","P2","Application Support","8","7.7","Resolved","Software","0.97","P2","0.93","KB-SW-003","No","Yes","ticket assignment","Approved - simulated","No","4"
"INC-00872","2026-02-17","18:49","Finance","Remote","Virtual Infrastructure","Hardware","Laptop","Laptop will not start after reboot","Medium","Medium","P3","End User Computing","24","13.8","Closed","Hardware","0.87","P3","0.97","KB-HW-001","No","Yes","ticket assignment","Approved - simulated","No","3"
"INC-00873","2026-04-17","16:29","IT","Site B","Corporate Network","Server & Infrastructure","Backup","Nightly backup job failed","Medium","Medium","P3","Infrastructure Operations","24","15.6","Resolved","Server & Infrastructure","0.93","P3","0.87","KB-INFRA-006","No","Yes","ticket assignment","Approved - simulated","Yes","4"
"INC-00874","2026-08-25","14:34","Engineering","Site B","Service Desk","Network","VPN","VPN connection fails from a remote location","Low","High","P3","Network Operations","24","13.8","Closed","Network","0.82","P3","0.93","KB-NET-002","No","Yes","ticket assignment","Approved - simulated","No","3"
"INC-00875","2026-02-13","10:07","Administration","Site A","Virtual Infrastructure","Security","Endpoint Protection","Endpoint protection reports malware activity","Low","Low","P4","Cybersecurity","48","27.1","Closed","Security","0.91","P4","0.86","KB-SEC-005","Yes","No","security control change","Human review required","No","4"
"INC-00876","2026-02-02","11:41","IT","Regional Office","File Services","Hardware","Peripheral","Monitor and keyboard intermittently disconnect","Medium","Medium","P3","End User Computing","24","14.8","Closed","Hardware","0.93","P3","0.88","KB-HW-001","No","Yes","ticket assignment","Approved - simulated","No","4"
"INC-00877","2026-02-05","09:36","IT","Head Office","Active Directory","Software","Application Error","ERP application shows an unexpected error","Low","Medium","P4","Application Support","48","20.2","Closed","Software","0.82","P4","0.96","KB-SW-003","No","Yes","ticket assignment","Approved - simulated","No","4"
"INC-00878","2026-04-10","08:49","Project Management","Site A","File Services","Access Management","Password Reset","My password expired and I cannot sign in","Medium","Low","P4","Identity & Access","48","25.8","Closed","Access Management","0.97","P4","0.97","KB-ACCESS-004","No","Yes","password reset","Approved - simulated","Yes","4"
"INC-00879","2026-07-30","11:27","Engineering","Head Office","ERP","Email & Collaboration","Calendar","A calendar meeting disappeared","Medium","High","P2","Collaboration Services","8","5.5","Resolved","Email & Collaboration","0.97","P2","0.94","KB-COLLAB-001","No","Yes","ticket assignment","Approved - simulated","No","4"
"INC-00880","2026-09-09","18:56","Project Management","Site A","Virtual Infrastructure","Network","Wi-Fi","Wi-Fi disconnects repeatedly in the office","Medium","Medium","P3","Network Operations","24","7.1","In Progress","Network","0.89","P3","0.91","KB-NET-002","No","Yes","ticket assignment","Approved - simulated","No","4"
"INC-00881","2026-04-16","18:06","Operations","Site B","File Services","Server & Infrastructure","Backup","Nightly backup job failed","High","Medium","P2","Infrastructure Operations","8","3.3","Open","Server & Infrastructure","0.84","P2","0.85","KB-INFRA-006","No","Yes","ticket assignment","Approved - simulated","No","3"
"INC-00882","2026-03-24","13:40","Operations","Site A","Service Desk","Email & Collaboration","Calendar","A calendar meeting disappeared","High","Low","P3","Collaboration Services","24","15.8","Closed","Email & Collaboration","0.89","P3","0.86","KB-COLLAB-001","No","Yes","ticket assignment","Approved - simulated","No","3"
"INC-00883","2026-06-08","13:44","HR","Site A","ERP","Access Management","MFA","MFA code is not being accepted","Medium","Medium","P3","Identity & Access","24","11.4","Closed","Access Management","0.9","P3","0.82","KB-ACCESS-004","No","Yes","ticket assignment","Approved - simulated","No","4"
"INC-00884","2026-10-05","12:42","Operations","Site A","File Services","Hardware","Printer","Department printer is offline","Medium","High","P2","End User Computing","8","7.5","Closed","Hardware","0.94","P2","0.93","KB-HW-001","No","Yes","ticket assignment","Approved - simulated","No","4"
"INC-00885","2026-05-24","14:25","HR","Regional Office","File Services","Network","Wi-Fi","Wi-Fi disconnects repeatedly in the office","Medium","High","P2","Network Operations","8","4.5","Closed","Network","0.88","P2","0.95","KB-NET-002","No","Yes","ticket assignment","Approved - simulated","No","3"
"INC-00886","2026-08-24","13:42","HR","Regional Office","Email & Collaboration","Email & Collaboration","Teams","Teams calls have no audio","Medium","Low","P4","Collaboration Services","48","28.4","Resolved","Email & Collaboration","0.85","P4","0.83","KB-COLLAB-001","No","Yes","ticket assignment","Approved - simulated","No","4"
"INC-00887","2026-08-19","16:33","Project Management","Head Office","Service Desk","Server & Infrastructure","Storage","File server storage is nearly full","Low","Medium","P4","Infrastructure Operations","48","16.7","Closed","Server & Infrastructure","0.97","P4","0.95","KB-INFRA-006","No","Yes","ticket assignment","Approved - simulated","No","4"
"INC-00888","2026-01-21","09:06","Administration","Head Office","Email & Collaboration","Hardware","Peripheral","Monitor and keyboard intermittently disconnect","Medium","Medium","P3","End User Computing","24","10.4","Closed","Hardware","0.87","P3","0.86","KB-HW-001","No","Yes","ticket assignment","Approved - simulated","No","5"
"INC-00889","2026-03-29","15:09","HR","Head Office","Virtual Infrastructure","Software","Application Error","ERP application shows an unexpected error","Medium","Medium","P3","Application Support","24","8.9","Open","Software","0.96","P3","0.88","KB-SW-003","No","Yes","ticket assignment","Approved - simulated","No","4"
"INC-00890","2026-07-13","15:13","HR","Site A","Endpoint Management","Access Management","MFA","MFA code is not being accepted","Low","Low","P4","Identity & Access","48","26.1","Closed","Access Management","0.91","P4","0.93","KB-ACCESS-004","No","Yes","ticket assignment","Approved - simulated","No","4"
"INC-00891","2026-05-09","08:15","IT","Remote","Endpoint Management","Hardware","Laptop","Laptop will not start after reboot","Medium","High","P2","End User Computing","8","9.9","In Progress","Hardware","0.85","P2","0.86","KB-HW-001","No","Yes","ticket assignment","Approved - simulated","No","4"
"INC-00892","2026-08-18","16:30","HR","Site B","Endpoint Management","Network","Wi-Fi","Wi-Fi disconnects repeatedly in the office","Medium","Low","P4","Network Operations","48","19.7","Closed","Network","0.81","P4","0.93","KB-NET-002","No","Yes","ticket assignment","Approved - simulated","No","4"
"INC-00893","2026-09-26","09:38","Administration","Regional Office","Service Desk","Hardware","Laptop","Laptop will not start after reboot","High","Low","P3","End User Computing","24","16.4","Resolved","Hardware","0.85","P3","0.97","KB-HW-001","No","Yes","ticket assignment","Approved - simulated","No","5"
"INC-00894","2026-01-14","12:53","Procurement","Site A","Corporate Network","Hardware","Peripheral","Monitor and keyboard intermittently disconnect","Medium","High","P2","End User Computing","8","9.5","Open","Hardware","0.85","P2","0.87","KB-HW-001","No","Yes","ticket assignment","Approved - simulated","No","4"
"INC-00895","2026-02-14","16:53","Administration","Remote","Active Directory","Access Management","MFA","MFA code is not being accepted","High","High","P1","Identity & Access","4","4.1","Closed","Access Management","0.84","P1","0.88","KB-ACCESS-004","Yes","No","ticket assignment","Human review required","No","5"
"INC-00896","2026-02-10","16:01","Engineering","Site B","Corporate Network","Email & Collaboration","Calendar","A calendar meeting disappeared","Medium","Low","P4","Collaboration Services","48","10.9","Open","Email & Collaboration","0.94","P4","0.92","KB-COLLAB-001","No","Yes","ticket assignment","Approved - simulated","No","5"
"INC-00897","2026-01-19","09:29","Project Management","Site B","Email & Collaboration","Hardware","Peripheral","Monitor and keyboard intermittently disconnect","Medium","Medium","P3","End User Computing","24","15.8","Closed","Hardware","0.84","P3","0.94","KB-HW-001","No","Yes","ticket assignment","Approved - simulated","No","3"
"INC-00898","2026-01-06","09:23","Administration","Site B","Virtual Infrastructure","Security","Endpoint Protection","Endpoint protection reports malware activity","Medium","Medium","P3","Cybersecurity","24","2.4","In Progress","Security","0.81","P3","0.83","KB-SEC-005","Yes","No","security control change","Human review required","No","5"
"INC-00899","2026-09-11","15:01","Project Management","Remote","Corporate Network","Software","Installation","User needs an approved software package installed","Medium","Low","P4","Application Support","48","8.4","Open","Software","0.94","P4","0.94","KB-SW-003","No","Yes","ticket assignment","Approved - simulated","No","4"
"INC-00900","2026-02-28","16:07","Procurement","Head Office","Virtual Infrastructure","Software","Installation","User needs an approved software package installed","Medium","Medium","P3","Application Support","24","16.4","Resolved","Software","0.98","P3","0.96","KB-SW-003","No","Yes","ticket assignment","Approved - simulated","No","4"
"INC-00901","2026-07-21","18:51","HR","Regional Office","Corporate Network","Email & Collaboration","Teams","Teams calls have no audio","Low","Medium","P4","Collaboration Services","48","21.4","Resolved","Email & Collaboration","0.84","P4","0.96","KB-COLLAB-001","No","Yes","ticket assignment","Approved - simulated","No","4"
"INC-00902","2026-05-12","16:15","Operations","Site B","Email & Collaboration","Network","VPN","VPN connection fails from a remote location","High","Medium","P2","Network Operations","8","2.9","Open","Network","0.87","P2","0.94","KB-NET-002","No","Yes","ticket assignment","Approved - simulated","No","4"
"INC-00903","2026-05-22","10:58","Administration","Site A","Service Desk","Security","Phishing","User received a suspicious email requesting credentials","Low","Low","P4","Cybersecurity","48","26.1","Closed","Security","0.95","P4","0.89","KB-SEC-005","Yes","No","security control change","Human review required","No","3"
"INC-00904","2026-05-21","14:46","Finance","Remote","Corporate Network","Security","Endpoint Protection","Endpoint protection reports malware activity","Medium","Medium","P3","Cybersecurity","24","16","Closed","Security","0.97","P3","0.95","KB-SEC-005","Yes","No","security control change","Human review required","No","4"
"INC-00905","2026-05-31","11:26","Operations","Site A","ERP","Security","Endpoint Protection","Endpoint protection reports malware activity","High","High","P1","Cybersecurity","4","4.5","Closed","Security","0.86","P1","0.92","KB-SEC-005","Yes","No","security control change","Human review required","No","4"
"INC-00906","2026-03-17","17:42","Finance","Head Office","Endpoint Management","Network","VPN","VPN connection fails from a remote location","Medium","High","P2","Network Operations","8","4.9","Resolved","Network","0.93","P2","0.83","KB-NET-002","No","Yes","ticket assignment","Approved - simulated","No","4"
"INC-00907","2026-10-04","08:30","Procurement","Head Office","Service Desk","Access Management","Permission","Finance users cannot access the shared folder after a permissions change","Low","Medium","P4","Identity & Access","48","5.9","Open","Access Management","0.94","P4","0.83","KB-ACCESS-004","Yes","No","privileged access change","Human review required","No","4"
"INC-00908","2026-03-19","12:01","Procurement","Head Office","Service Desk","Security","Phishing","User received a suspicious email requesting credentials","Low","High","P3","Cybersecurity","24","2.6","Open","Security","0.91","P3","0.89","KB-SEC-005","Yes","No","security control change","Human review required","No","4"
"INC-00909","2026-02-24","12:18","IT","Site A","File Services","Hardware","Peripheral","Monitor and keyboard intermittently disconnect","High","High","P1","End User Computing","4","4","Closed","Hardware","0.84","P1","0.9","KB-HW-001","Yes","No","ticket assignment","Human review required","No","4"
"INC-00910","2026-04-17","11:09","Operations","Head Office","Email & Collaboration","Software","Installation","User needs an approved software package installed","Low","Low","P4","Application Support","48","16.1","Closed","Software","0.85","P4","0.88","KB-SW-003","No","Yes","ticket assignment","Approved - simulated","Yes","4"
"INC-00911","2026-04-10","09:09","Finance","Head Office","Endpoint Management","Email & Collaboration","Mailbox","Outlook is not receiving new messages","High","Medium","P2","Collaboration Services","8","4.5","Closed","Email & Collaboration","0.81","P2","0.87","KB-COLLAB-001","No","Yes","ticket assignment","Approved - simulated","No","4"
"INC-00912","2026-06-10","15:07","IT","Head Office","Active Directory","Server & Infrastructure","Backup","Nightly backup job failed","Low","High","P3","Infrastructure Operations","24","16.1","Resolved","Server & Infrastructure","0.92","P3","0.89","KB-INFRA-006","No","Yes","ticket assignment","Approved - simulated","No","5"
"INC-00913","2026-01-27","15:30","Procurement","Site A","Active Directory","Email & Collaboration","Calendar","A calendar meeting disappeared","Low","High","P3","Collaboration Services","24","16","Closed","Email & Collaboration","0.92","P3","0.95","KB-COLLAB-001","No","Yes","ticket assignment","Approved - simulated","No","4"
"INC-00914","2026-06-20","12:29","Project Management","Site B","Active Directory","Server & Infrastructure","Backup","Nightly backup job failed","Low","Low","P4","Infrastructure Operations","48","23.6","Closed","Server & Infrastructure","0.87","P4","0.94","KB-INFRA-006","No","Yes","ticket assignment","Approved - simulated","No","4"
"INC-00915","2026-01-09","17:24","Finance","Site B","Email & Collaboration","Security","Phishing","User received a suspicious email requesting credentials","High","High","P1","Cybersecurity","4","2.6","Resolved","Security","0.86","P1","0.86","KB-SEC-005","Yes","No","security control change","Human review required","No","5"
"INC-00916","2026-08-06","08:03","Operations","Head Office","File Services","Email & Collaboration","Teams","Teams calls have no audio","Low","Medium","P4","Collaboration Services","48","26.6","Resolved","Email & Collaboration","0.82","P4","0.95","KB-COLLAB-001","No","Yes","ticket assignment","Approved - simulated","Yes","4"
"INC-00917","2026-02-13","09:35","Project Management","Site B","Virtual Infrastructure","Access Management","Account Lockout","My account is locked after several failed attempts","Medium","Medium","P3","Identity & Access","24","11.1","Closed","Access Management","0.94","P3","0.91","KB-ACCESS-004","No","Yes","account unlock","Approved - simulated","No","3"
"INC-00918","2026-06-11","14:53","Engineering","Site A","Email & Collaboration","Hardware","Peripheral","Monitor and keyboard intermittently disconnect","High","Medium","P2","End User Computing","8","4.5","Closed","Hardware","0.87","P2","0.85","KB-HW-001","No","Yes","ticket assignment","Approved - simulated","Yes","4"
"INC-00919","2026-08-31","13:41","Project Management","Regional Office","Email & Collaboration","Network","Wi-Fi","Wi-Fi disconnects repeatedly in the office","Low","Medium","P4","Network Operations","48","20.1","Closed","Network","0.88","P4","0.85","KB-NET-002","No","Yes","ticket assignment","Approved - simulated","No","4"
"INC-00920","2026-04-27","09:43","Project Management","Head Office","ERP","Server & Infrastructure","Backup","Nightly backup job failed","Low","Medium","P4","Infrastructure Operations","48","7.6","In Progress","Server & Infrastructure","0.84","P4","0.89","KB-INFRA-006","No","Yes","ticket assignment","Approved - simulated","No","3"
"INC-00921","2026-07-18","08:04","Procurement","Head Office","Endpoint Management","Software","Installation","User needs an approved software package installed","High","Low","P3","Application Support","24","14.2","Resolved","Software","0.81","P3","0.84","KB-SW-003","No","Yes","ticket assignment","Approved - simulated","No","5"
"INC-00922","2026-09-16","12:51","Procurement","Site A","Email & Collaboration","Access Management","Password Reset","My password expired and I cannot sign in","Medium","Medium","P3","Identity & Access","24","10.5","Closed","Access Management","0.81","P3","0.94","KB-ACCESS-004","No","Yes","password reset","Approved - simulated","No","4"
"INC-00923","2026-06-02","08:10","Operations","Site B","Service Desk","Access Management","Permission","Finance users cannot access the shared folder after a permissions change","Medium","Low","P4","Identity & Access","48","17.3","Closed","Access Management","0.83","P4","0.88","KB-ACCESS-004","Yes","No","privileged access change","Human review required","No","5"
"INC-00924","2026-09-05","17:58","Administration","Remote","File Services","Access Management","MFA","MFA code is not being accepted","Low","High","P3","Identity & Access","24","12.7","Closed","Access Management","0.86","P3","0.92","KB-ACCESS-004","No","Yes","ticket assignment","Approved - simulated","No","5"
"INC-00925","2026-03-05","12:31","Project Management","Head Office","Email & Collaboration","Hardware","Laptop","Laptop will not start after reboot","Low","Medium","P4","End User Computing","48","24.3","Closed","Hardware","0.98","P4","0.82","KB-HW-001","No","Yes","ticket assignment","Approved - simulated","No","4"
"INC-00926","2026-10-03","16:45","Finance","Head Office","Corporate Network","Security","Endpoint Protection","Endpoint protection reports malware activity","Medium","Low","P4","Cybersecurity","48","18.4","Resolved","Security","0.85","P4","0.84","KB-SEC-005","Yes","No","security control change","Human review required","No","4"
"INC-00927","2026-03-14","10:39","Engineering","Site A","Active Directory","Network","Wi-Fi","Wi-Fi disconnects repeatedly in the office","Low","Medium","P4","Network Operations","48","24.1","Resolved","Network","0.89","P4","0.93","KB-NET-002","No","Yes","ticket assignment","Approved - simulated","No","3"
"INC-00928","2026-03-14","09:40","Project Management","Regional Office","Email & Collaboration","Hardware","Printer","Department printer is offline","Low","Low","P4","End User Computing","48","23","Closed","Hardware","0.98","P4","0.9","KB-HW-001","No","Yes","ticket assignment","Approved - simulated","No","4"
"INC-00929","2026-01-30","14:56","Engineering","Site B","Endpoint Management","Email & Collaboration","Teams","Teams calls have no audio","Medium","Medium","P3","Collaboration Services","24","12.1","Closed","Email & Collaboration","0.88","P3","0.83","KB-COLLAB-001","No","Yes","ticket assignment","Approved - simulated","No","4"
"INC-00930","2026-04-16","09:47","Project Management","Site A","Corporate Network","Hardware","Laptop","Laptop will not start after reboot","Medium","Low","P4","End User Computing","48","26.7","Closed","Hardware","0.91","P4","0.92","KB-HW-001","No","Yes","ticket assignment","Approved - simulated","No","4"
"INC-00931","2026-10-05","14:58","Administration","Site B","Active Directory","Security","Phishing","User received a suspicious email requesting credentials","Medium","High","P2","Cybersecurity","8","5.8","Closed","Security","0.98","P2","0.88","KB-SEC-005","Yes","No","security control change","Human review required","No","4"
"INC-00932","2026-03-30","10:58","Operations","Remote","Corporate Network","Network","VPN","VPN connection fails from a remote location","Medium","High","P2","Network Operations","8","7.3","Closed","Network","0.92","P2","0.88","KB-NET-002","No","Yes","ticket assignment","Approved - simulated","No","4"
"INC-00933","2026-04-09","08:29","IT","Regional Office","ERP","Hardware","Peripheral","Monitor and keyboard intermittently disconnect","Medium","Medium","P3","End User Computing","24","10.7","Closed","Hardware","0.92","P3","0.91","KB-HW-001","No","Yes","ticket assignment","Approved - simulated","No","4"
"INC-00934","2026-02-05","08:15","Administration","Head Office","Service Desk","Network","VPN","VPN connection fails from a remote location","Low","Medium","P4","Network Operations","48","8.7","In Progress","Network","0.88","P4","0.91","KB-NET-002","No","Yes","ticket assignment","Approved - simulated","No","4"
"INC-00935","2026-08-26","11:01","Administration","Remote","Virtual Infrastructure","Email & Collaboration","Calendar","A calendar meeting disappeared","Medium","Medium","P3","Collaboration Services","24","16.5","Resolved","Email & Collaboration","0.88","P3","0.86","KB-COLLAB-001","No","Yes","ticket assignment","Approved - simulated","No","4"
"INC-00936","2026-02-23","15:38","Administration","Head Office","Service Desk","Access Management","Account Lockout","My account is locked after several failed attempts","High","Low","P3","Identity & Access","24","6.8","Open","Access Management","0.94","P3","0.9","KB-ACCESS-004","No","Yes","account unlock","Approved - simulated","No","4"
"INC-00937","2026-09-23","08:49","Operations","Site B","Corporate Network","Hardware","Laptop","Laptop will not start after reboot","Low","High","P3","End User Computing","24","15.6","Closed","Hardware","0.98","P3","0.92","KB-HW-001","No","Yes","ticket assignment","Approved - simulated","No","4"
"INC-00938","2026-09-15","17:21","Operations","Site B","Active Directory","Network","DNS","The business application cannot resolve its service name","Medium","High","P2","Network Operations","8","4.8","Closed","Network","0.81","P2","0.94","KB-NET-002","No","Yes","ticket assignment","Approved - simulated","No","4"
"INC-00939","2026-06-01","17:49","HR","Head Office","Corporate Network","Server & Infrastructure","Backup","Nightly backup job failed","Medium","Medium","P3","Infrastructure Operations","24","16.8","Resolved","Server & Infrastructure","0.93","P3","0.91","KB-INFRA-006","No","Yes","ticket assignment","Approved - simulated","No","5"
"INC-00940","2026-04-05","15:49","Operations","Site B","Service Desk","Email & Collaboration","Teams","Teams calls have no audio","High","Medium","P2","Collaboration Services","8","5.8","Resolved","Email & Collaboration","0.88","P2","0.82","KB-COLLAB-001","No","Yes","ticket assignment","Approved - simulated","No","4"
"INC-00941","2026-05-13","10:43","Engineering","Site A","ERP","Email & Collaboration","Calendar","A calendar meeting disappeared","Low","Low","P4","Collaboration Services","48","24.1","Resolved","Email & Collaboration","0.86","P4","0.93","KB-COLLAB-001","No","Yes","ticket assignment","Approved - simulated","No","5"
"INC-00942","2026-02-22","09:28","Procurement","Head Office","File Services","Network","VPN","VPN connection fails from a remote location","Medium","Medium","P3","Network Operations","24","11.1","Closed","Network","0.84","P3","0.84","KB-NET-002","No","Yes","ticket assignment","Approved - simulated","No","4"
"INC-00943","2026-04-09","15:23","Procurement","Site A","Virtual Infrastructure","Email & Collaboration","Mailbox","Outlook is not receiving new messages","Medium","Low","P4","Collaboration Services","48","21.9","Closed","Email & Collaboration","0.93","P4","0.93","KB-COLLAB-001","No","Yes","ticket assignment","Approved - simulated","No","4"
"INC-00944","2026-05-22","15:02","Procurement","Regional Office","ERP","Server & Infrastructure","Storage","File server storage is nearly full","Medium","Medium","P3","Infrastructure Operations","24","15.5","Closed","Server & Infrastructure","0.88","P3","0.93","KB-INFRA-006","No","Yes","ticket assignment","Approved - simulated","No","4"
"INC-00945","2026-05-03","14:15","Project Management","Head Office","File Services","Access Management","Password Reset","My password expired and I cannot sign in","Low","Low","P4","Identity & Access","48","19.3","Closed","Access Management","0.85","P4","0.84","KB-ACCESS-004","No","Yes","password reset","Approved - simulated","Yes","5"
"INC-00946","2026-07-19","11:28","IT","Head Office","Email & Collaboration","Access Management","MFA","MFA code is not being accepted","Medium","Low","P4","Identity & Access","48","19.7","Resolved","Access Management","0.94","P4","0.87","KB-ACCESS-004","No","Yes","ticket assignment","Approved - simulated","No","4"
"INC-00947","2026-06-03","14:58","IT","Site A","ERP","Server & Infrastructure","Backup","Nightly backup job failed","Medium","Medium","P3","Infrastructure Operations","24","15.9","Closed","Server & Infrastructure","0.92","P3","0.91","KB-INFRA-006","No","Yes","ticket assignment","Approved - simulated","No","4"
"INC-00948","2026-01-01","17:16","IT","Regional Office","ERP","Hardware","Peripheral","Monitor and keyboard intermittently disconnect","Medium","High","P2","End User Computing","8","5.6","Closed","Hardware","0.81","P2","0.85","KB-HW-001","No","Yes","ticket assignment","Approved - simulated","No","4"
"INC-00949","2026-10-01","14:38","Engineering","Head Office","Email & Collaboration","Email & Collaboration","Teams","Teams calls have no audio","Medium","High","P2","Collaboration Services","8","7.2","Closed","Email & Collaboration","0.85","P2","0.86","KB-COLLAB-001","No","Yes","ticket assignment","Approved - simulated","No","5"
"INC-00950","2026-09-27","09:22","Procurement","Site A","File Services","Software","Application Error","ERP application shows an unexpected error","Low","High","P3","Application Support","24","2.5","Open","Software","0.87","P3","0.84","KB-SW-003","No","Yes","ticket assignment","Approved - simulated","No","3"
"INC-00951","2026-04-06","17:53","Engineering","Remote","File Services","Security","Endpoint Protection","Endpoint protection reports malware activity","Medium","Low","P4","Cybersecurity","48","6.4","In Progress","Security","0.87","P4","0.84","KB-SEC-005","Yes","No","security control change","Human review required","No","3"
"INC-00952","2026-01-19","13:29","Procurement","Regional Office","Virtual Infrastructure","Email & Collaboration","Calendar","A calendar meeting disappeared","Low","High","P3","Collaboration Services","24","13","Closed","Email & Collaboration","0.91","P3","0.85","KB-COLLAB-001","No","Yes","ticket assignment","Approved - simulated","No","5"
"INC-00953","2026-08-11","09:37","Administration","Remote","ERP","Hardware","Peripheral","Monitor and keyboard intermittently disconnect","Low","High","P3","End User Computing","24","12.2","Closed","Hardware","0.82","P3","0.86","KB-HW-001","No","Yes","ticket assignment","Approved - simulated","No","4"
"INC-00954","2026-08-27","15:25","HR","Head Office","Corporate Network","Hardware","Peripheral","Monitor and keyboard intermittently disconnect","Medium","Medium","P3","End User Computing","24","17.7","Resolved","Hardware","0.98","P3","0.95","KB-HW-001","No","Yes","ticket assignment","Approved - simulated","No","4"
"INC-00955","2026-05-07","09:58","Project Management","Regional Office","Service Desk","Software","Application Error","ERP application shows an unexpected error","Medium","Medium","P3","Application Support","24","15.7","Resolved","Software","0.92","P3","0.93","KB-SW-003","No","Yes","ticket assignment","Approved - simulated","Yes","4"
"INC-00956","2026-06-10","18:45","IT","Regional Office","Email & Collaboration","Access Management","Password Reset","My password expired and I cannot sign in","Medium","Medium","P3","Identity & Access","24","3","In Progress","Access Management","0.89","P3","0.93","KB-ACCESS-004","No","Yes","password reset","Approved - simulated","No","3"
"INC-00957","2026-04-26","18:03","Procurement","Head Office","ERP","Server & Infrastructure","Storage","File server storage is nearly full","Low","Low","P4","Infrastructure Operations","48","10.9","Open","Server & Infrastructure","0.89","P4","0.88","KB-INFRA-006","No","Yes","ticket assignment","Approved - simulated","No","5"
"INC-00958","2026-03-15","12:59","Project Management","Regional Office","File Services","Software","Application Error","ERP application shows an unexpected error","Low","Low","P4","Application Support","48","22.3","Closed","Software","0.92","P4","0.88","KB-SW-003","No","Yes","ticket assignment","Approved - simulated","No","4"
"INC-00959","2026-07-11","11:07","Operations","Remote","Service Desk","Hardware","Laptop","Laptop will not start after reboot","Medium","Medium","P3","End User Computing","24","16.2","Closed","Hardware","0.97","P3","0.94","KB-HW-001","No","Yes","ticket assignment","Approved - simulated","No","4"
"INC-00960","2026-07-18","17:13","HR","Regional Office","Email & Collaboration","Security","Endpoint Protection","Endpoint protection reports malware activity","Medium","Medium","P3","Cybersecurity","24","18","Closed","Security","0.93","P3","0.85","KB-SEC-005","Yes","No","security control change","Human review required","No","3"
"INC-00961","2026-09-13","10:07","IT","Site B","Email & Collaboration","Server & Infrastructure","Backup","Nightly backup job failed","Low","Low","P4","Infrastructure Operations","48","19.8","Closed","Server & Infrastructure","0.8","P4","0.85","KB-INFRA-006","No","Yes","ticket assignment","Approved - simulated","No","3"
"INC-00962","2026-03-15","15:56","Finance","Head Office","Active Directory","Access Management","Password Reset","My password expired and I cannot sign in","High","Medium","P2","Identity & Access","8","6","Resolved","Access Management","0.81","P2","0.88","KB-ACCESS-004","No","Yes","password reset","Approved - simulated","No","3"
"INC-00963","2026-09-04","08:38","Operations","Head Office","Endpoint Management","Hardware","Peripheral","Monitor and keyboard intermittently disconnect","Medium","High","P2","End User Computing","8","5.8","Closed","Hardware","0.97","P2","0.85","KB-HW-001","No","Yes","ticket assignment","Approved - simulated","No","4"
"INC-00964","2026-09-13","13:57","HR","Head Office","ERP","Access Management","Account Lockout","My account is locked after several failed attempts","Medium","High","P2","Identity & Access","8","7.5","Closed","Access Management","0.9","P2","0.93","KB-ACCESS-004","No","Yes","account unlock","Approved - simulated","No","5"
"INC-00965","2026-06-20","13:54","Finance","Site B","ERP","Security","Endpoint Protection","Endpoint protection reports malware activity","Medium","Medium","P3","Cybersecurity","24","12","Closed","Security","0.89","P3","0.85","KB-SEC-005","Yes","No","security control change","Human review required","No","5"
"INC-00966","2026-01-29","08:50","Procurement","Regional Office","Service Desk","Hardware","Laptop","Laptop will not start after reboot","Medium","Low","P4","End User Computing","48","6.2","In Progress","Hardware","0.87","P4","0.84","KB-HW-001","No","Yes","ticket assignment","Approved - simulated","No","3"
"INC-00967","2026-09-02","17:32","Finance","Site A","Service Desk","Access Management","Account Lockout","My account is locked after several failed attempts","Low","Medium","P4","Identity & Access","48","17.4","Resolved","Access Management","0.96","P4","0.94","KB-ACCESS-004","No","Yes","account unlock","Approved - simulated","No","3"
"INC-00968","2026-05-01","16:41","IT","Head Office","Active Directory","Hardware","Printer","Department printer is offline","High","Medium","P2","End User Computing","8","4.3","Closed","Hardware","0.84","P2","0.9","KB-HW-001","No","Yes","ticket assignment","Approved - simulated","No","5"
"INC-00969","2026-01-14","11:30","Finance","Site A","Service Desk","Security","Endpoint Protection","Endpoint protection reports malware activity","Low","Medium","P4","Cybersecurity","48","16.2","Resolved","Security","0.85","P4","0.93","KB-SEC-005","Yes","No","security control change","Human review required","No","3"
"INC-00970","2026-05-26","08:03","Engineering","Regional Office","Email & Collaboration","Hardware","Printer","Department printer is offline","Medium","Medium","P3","End User Computing","24","8.4","Open","Hardware","0.89","P3","0.95","KB-HW-001","No","Yes","ticket assignment","Approved - simulated","No","3"
"INC-00971","2026-04-21","14:21","Operations","Remote","Service Desk","Software","Installation","User needs an approved software package installed","Medium","Low","P4","Application Support","48","22.7","Resolved","Software","0.89","P4","0.85","KB-SW-003","No","Yes","ticket assignment","Approved - simulated","No","3"
"INC-00972","2026-04-13","08:22","Project Management","Remote","Endpoint Management","Software","Installation","User needs an approved software package installed","Low","Low","P4","Application Support","48","20.8","Closed","Software","0.95","P4","0.92","KB-SW-003","No","Yes","ticket assignment","Approved - simulated","No","5"
"INC-00973","2026-01-22","14:29","Project Management","Site A","Service Desk","Server & Infrastructure","Backup","Nightly backup job failed","Medium","Medium","P3","Infrastructure Operations","24","13.9","Resolved","Server & Infrastructure","0.9","P3","0.9","KB-INFRA-006","No","Yes","ticket assignment","Approved - simulated","No","4"
"INC-00974","2026-01-08","09:58","Administration","Remote","Corporate Network","Access Management","Permission","Finance users cannot access the shared folder after a permissions change","Medium","Medium","P3","Identity & Access","24","11","In Progress","Access Management","0.93","P3","0.93","KB-ACCESS-004","Yes","No","privileged access change","Human review required","No","4"
"INC-00975","2026-03-28","12:58","Project Management","Head Office","Virtual Infrastructure","Security","Endpoint Protection","Endpoint protection reports malware activity","High","Medium","P2","Cybersecurity","8","6.2","Open","Security","0.84","P2","0.85","KB-SEC-005","Yes","No","security control change","Human review required","Yes","4"
"INC-00976","2026-02-10","15:26","IT","Remote","Active Directory","Network","VPN","VPN connection fails from a remote location","High","Low","P3","Network Operations","24","8.6","Open","Network","0.97","P3","0.89","KB-NET-002","No","Yes","ticket assignment","Approved - simulated","No","5"
"INC-00977","2026-04-04","16:49","IT","Remote","Corporate Network","Email & Collaboration","Calendar","A calendar meeting disappeared","Medium","Low","P4","Collaboration Services","48","17.9","Closed","Email & Collaboration","0.89","P4","0.87","KB-COLLAB-001","No","Yes","ticket assignment","Approved - simulated","No","4"
"INC-00978","2026-05-13","14:14","Operations","Site B","Endpoint Management","Network","Wi-Fi","Wi-Fi disconnects repeatedly in the office","Low","High","P3","Network Operations","24","14.1","Resolved","Network","0.82","P3","0.97","KB-NET-002","No","Yes","ticket assignment","Approved - simulated","No","4"
"INC-00979","2026-07-26","15:27","Operations","Site B","Endpoint Management","Network","Wi-Fi","Wi-Fi disconnects repeatedly in the office","Medium","High","P2","Network Operations","8","6.6","Resolved","Network","0.83","P2","0.9","KB-NET-002","No","Yes","ticket assignment","Approved - simulated","No","3"
"INC-00980","2026-02-06","11:21","HR","Remote","Endpoint Management","Email & Collaboration","Teams","Teams calls have no audio","High","Medium","P2","Collaboration Services","8","7.3","In Progress","Email & Collaboration","0.98","P2","0.88","KB-COLLAB-001","No","Yes","ticket assignment","Approved - simulated","No","5"
"INC-00981","2026-07-29","09:29","Administration","Regional Office","Virtual Infrastructure","Server & Infrastructure","Server Availability","Application server is unavailable","High","Medium","P2","Infrastructure Operations","8","5.7","Closed","Server & Infrastructure","0.94","P2","0.84","KB-INFRA-006","Yes","No","production change","Human review required","No","4"
"INC-00982","2026-09-21","09:03","Procurement","Head Office","ERP","Email & Collaboration","Teams","Teams calls have no audio","Medium","Low","P4","Collaboration Services","48","6.6","Open","Email & Collaboration","0.98","P4","0.94","KB-COLLAB-001","No","Yes","ticket assignment","Approved - simulated","No","4"
"INC-00983","2026-03-28","14:02","Finance","Head Office","Email & Collaboration","Access Management","Account Lockout","My account is locked after several failed attempts","High","Medium","P2","Identity & Access","8","10.5","In Progress","Access Management","0.87","P2","0.95","KB-ACCESS-004","No","Yes","account unlock","Approved - simulated","No","4"
"INC-00984","2026-04-17","11:51","IT","Site A","Corporate Network","Security","Phishing","User received a suspicious email requesting credentials","Medium","Low","P4","Cybersecurity","48","18.5","Closed","Security","0.95","P4","0.83","KB-SEC-005","Yes","No","security control change","Human review required","No","4"
"INC-00985","2026-06-27","13:04","IT","Remote","Corporate Network","Email & Collaboration","Mailbox","Outlook is not receiving new messages","Medium","Medium","P3","Collaboration Services","24","10.5","Closed","Email & Collaboration","0.83","P3","0.89","KB-COLLAB-001","No","Yes","ticket assignment","Approved - simulated","No","4"
"INC-00986","2026-04-06","12:16","HR","Regional Office","Email & Collaboration","Email & Collaboration","Mailbox","Outlook is not receiving new messages","Medium","Medium","P3","Collaboration Services","24","16.7","Resolved","Email & Collaboration","0.91","P3","0.84","KB-COLLAB-001","No","Yes","ticket assignment","Approved - simulated","No","5"
"INC-00987","2026-01-01","08:25","HR","Remote","File Services","Access Management","Password Reset","My password expired and I cannot sign in","Low","High","P3","Identity & Access","24","15.2","Resolved","Access Management","0.83","P3","0.94","KB-ACCESS-004","No","Yes","password reset","Approved - simulated","No","4"
"INC-00988","2026-09-21","09:18","IT","Head Office","Virtual Infrastructure","Network","Wi-Fi","Wi-Fi disconnects repeatedly in the office","Medium","Low","P4","Network Operations","48","26.5","Resolved","Network","0.87","P4","0.83","KB-NET-002","No","Yes","ticket assignment","Approved - simulated","No","4"
"INC-00989","2026-09-03","16:19","HR","Site B","File Services","Server & Infrastructure","Backup","Nightly backup job failed","Medium","Low","P4","Infrastructure Operations","48","19.4","Closed","Server & Infrastructure","0.84","P4","0.85","KB-INFRA-006","No","Yes","ticket assignment","Approved - simulated","No","4"
"INC-00990","2026-01-08","09:23","HR","Site B","File Services","Access Management","Permission","Finance users cannot access the shared folder after a permissions change","Medium","High","P2","Identity & Access","8","5.3","Closed","Access Management","0.96","P2","0.91","KB-ACCESS-004","Yes","No","privileged access change","Human review required","No","3"
"INC-00991","2026-10-07","08:02","HR","Site A","Service Desk","Server & Infrastructure","Backup","Nightly backup job failed","High","Medium","P2","Infrastructure Operations","8","3.1","Open","Server & Infrastructure","0.94","P2","0.9","KB-INFRA-006","No","Yes","ticket assignment","Approved - simulated","Yes","4"
"INC-00992","2026-02-18","12:47","HR","Regional Office","Active Directory","Email & Collaboration","Calendar","A calendar meeting disappeared","Medium","High","P2","Collaboration Services","8","4.3","Resolved","Email & Collaboration","0.95","P2","0.93","KB-COLLAB-001","No","Yes","ticket assignment","Approved - simulated","No","4"
"INC-00993","2026-05-01","08:38","Finance","Site B","ERP","Network","DNS","The business application cannot resolve its service name","Low","Low","P4","Network Operations","48","28.6","Resolved","Network","0.9","P4","0.87","KB-NET-002","No","Yes","ticket assignment","Approved - simulated","No","5"
"INC-00994","2026-04-16","16:08","IT","Remote","ERP","Email & Collaboration","Teams","Teams calls have no audio","Low","High","P3","Collaboration Services","24","10.8","In Progress","Email & Collaboration","0.86","P3","0.91","KB-COLLAB-001","No","Yes","ticket assignment","Approved - simulated","No","4"
"INC-00995","2026-03-06","14:49","Engineering","Site B","Corporate Network","Network","DNS","The business application cannot resolve its service name","Medium","Low","P4","Network Operations","48","4.7","In Progress","Network","0.92","P4","0.83","KB-NET-002","No","Yes","ticket assignment","Approved - simulated","No","4"
"INC-00996","2026-07-30","17:00","HR","Remote","Active Directory","Software","Application Error","ERP application shows an unexpected error","Low","Medium","P4","Application Support","48","11.6","In Progress","Software","0.86","P4","0.85","KB-SW-003","No","Yes","ticket assignment","Approved - simulated","No","3"
"INC-00997","2026-04-28","13:35","IT","Remote","Service Desk","Access Management","Permission","Finance users cannot access the shared folder after a permissions change","Medium","Medium","P3","Identity & Access","24","10.1","Resolved","Access Management","0.81","P3","0.92","KB-ACCESS-004","Yes","No","privileged access change","Human review required","No","5"
"INC-00998","2026-01-25","15:03","Procurement","Site A","Endpoint Management","Email & Collaboration","Teams","Teams calls have no audio","Medium","Low","P4","Collaboration Services","48","17.1","Closed","Email & Collaboration","0.81","P4","0.94","KB-COLLAB-001","No","Yes","ticket assignment","Approved - simulated","No","4"
"INC-00999","2026-10-03","17:55","HR","Regional Office","Corporate Network","Server & Infrastructure","Storage","File server storage is nearly full","Medium","Low","P4","Infrastructure Operations","48","22.3","Closed","Server & Infrastructure","0.85","P4","0.85","KB-INFRA-006","No","Yes","ticket assignment","Approved - simulated","Yes","4"
"INC-01000","2026-08-10","11:29","Project Management","Site A","Corporate Network","Hardware","Peripheral","Monitor and keyboard intermittently disconnect","High","Medium","P2","End User Computing","8","6.6","Resolved","Hardware","0.86","P2","0.9","KB-HW-001","No","Yes","ticket assignment","Approved - simulated","No","3"
